region;comuna;electores_hombre_2024;electores_mujer_2024;pop_electores_2024;Edad 18-19;Edad 20-29;Edad 30-39;Edad 40-49;Edad 50-59;Edad 60-69;Edad 70-79;Edad 80-89;90 o más
DE ARICA Y PARINACOTA;ARICA;91998;93160;185158;6.267;31.849;36.194;32.729;31.278;23.814;15.143;6.584;1.300
DE ARICA Y PARINACOTA;CAMARONES;1366;1380;2746;59;367;567;511;527;372;236;86;21
DE ARICA Y PARINACOTA;GENERAL LAGOS;891;635;1526;19;152;280;341;323;184;152;63;12
DE ARICA Y PARINACOTA;PUTRE;2840;1991;4831;98;647;914;1.084;964;560;368;162;34
DE TARAPACA;ALTO HOSPICIO;33777;34960;68737;3.634;16.430;15.825;12.025;10.209;6.957;2.815;728;114
DE TARAPACA;CAMIÑA;1440;1539;2979;95;533;566;572;559;345;199;99;11
DE TARAPACA;COLCHANE;1445;1299;2744;95;588;619;560;428;224;146;68;16
DE TARAPACA;HUARA;2208;1932;4140;93;488;640;750;687;627;429;371;55
DE TARAPACA;IQUIQUE;83721;81578;165299;4.886;25.436;35.961;32.965;26.327;21.843;12.314;4.618;949
DE TARAPACA;PICA;3133;3158;6291;199;1.012;1.259;1.114;947;878;579;257;46
DE TARAPACA;POZO ALMONTE;6687;5790;12477;471;2.309;2.554;2.418;1.857;1.533;918;356;61
DE ANTOFAGASTA;ANTOFAGASTA;150683;152338;303021;9.832;55.294;69.388;56.771;48.418;35.850;18.585;7.439;1.444
DE ANTOFAGASTA;CALAMA;67034;65500;132534;4.660;22.553;30.258;25.931;21.871;16.042;7.858;2.871;490
DE ANTOFAGASTA;MARIA ELENA;2745;2369;5114;102;727;866;755;1.093;852;526;173;20
DE ANTOFAGASTA;MEJILLONES;5486;5154;10640;339;1.930;2.548;1.906;1.656;1.418;617;200;26
DE ANTOFAGASTA;OLLAGUE;759;661;1420;33;229;267;322;300;153;73;41;2
DE ANTOFAGASTA;SAN PEDRO DE ATACAMA;4006;4204;8210;241;1.202;2.135;1.811;1.284;838;418;240;41
DE ANTOFAGASTA;SIERRA GORDA;1016;974;1990;77;339;438;433;355;238;81;25;4
DE ANTOFAGASTA;TALTAL;5269;5035;10304;410;1.777;1.937;1.705;1.774;1.478;822;323;78
DE ANTOFAGASTA;TOCOPILLA;10782;10703;21485;730;3.563;4.194;3.460;3.563;3.325;1.822;712;116
DE ATACAMA;ALTO DEL CARMEN;2606;2352;4958;142;643;805;813;918;763;508;290;76
DE ATACAMA;CALDERA;8225;8035;16260;561;2.642;3.224;2.725;2.604;2.593;1.328;484;99
DE ATACAMA;CHAÑARAL;5806;5636;11442;399;1.945;2.185;1.815;1.917;1.650;985;464;82
DE ATACAMA;COPIAPO;63872;63875;127747;4.542;22.612;27.542;22.463;20.753;16.777;8.597;3.714;747
DE ATACAMA;DIEGO DE ALMAGRO;5978;5590;11568;415;1.866;2.030;2.202;2.220;1.603;812;364;56
DE ATACAMA;FREIRINA;3176;3148;6324;224;990;1.221;982;1.102;952;543;253;57
DE ATACAMA;HUASCO;4388;4335;8723;292;1.355;1.693;1.430;1.380;1.385;784;340;64
DE ATACAMA;TIERRA AMARILLA;6563;5992;12555;412;2.214;2.622;2.143;2.322;1.671;806;317;48
DE ATACAMA;VALLENAR;22794;23346;46140;1.572;7.686;8.984;7.192;7.887;6.669;3.803;1.970;377
DE COQUIMBO;ANDACOLLO;5759;5549;11308;345;1.741;1.944;1.681;2.193;1.765;1.021;529;89
DE COQUIMBO;CANELA;4774;4684;9458;237;1.272;1.461;1.377;1.725;1.571;1.054;585;176
DE COQUIMBO;COMBARBALA;6189;6157;12346;352;1.633;1.812;1.945;2.319;1.952;1.370;792;171
DE COQUIMBO;COQUIMBO;91780;97518;189298;6.306;33.959;38.395;32.732;30.286;25.273;14.884;6.165;1.298
DE COQUIMBO;ILLAPEL;13861;14366;28227;891;4.465;5.167;4.411;4.929;4.157;2.662;1.290;255
DE COQUIMBO;LA HIGUERA;2613;2422;5035;187;750;800;893;921;777;475;198;34
DE COQUIMBO;LA SERENA;94753;103031;197784;6.496;35.194;39.556;33.859;31.964;26.531;15.802;6.892;1.490
DE COQUIMBO;LOS VILOS;9770;9876;19646;611;3.054;3.706;3.216;3.175;3.076;1.776;872;160
DE COQUIMBO;MONTE PATRIA;14296;13727;28023;817;4.462;5.028;4.572;5.172;3.987;2.384;1.307;294
DE COQUIMBO;OVALLE;46420;49185;95605;3.206;16.228;19.017;15.623;15.717;13.191;7.750;3.866;1.007
DE COQUIMBO;PAIGUANO;2677;2617;5294;150;703;1.012;822;1.003;853;468;228;55
DE COQUIMBO;PUNITAQUI;5645;5556;11201;351;1.653;1.950;1.801;2.002;1.615;1.137;567;125
DE COQUIMBO;RIO HURTADO;2443;2346;4789;115;570;783;752;892;770;548;302;57
DE COQUIMBO;SALAMANCA;12309;12168;24477;716;3.944;4.541;4.023;4.306;3.421;2.204;1.081;241
DE COQUIMBO;VICUÑA;12335;12554;24889;795;4.134;4.630;4.008;4.348;3.676;2.061;1.022;215
DE VALPARAISO;ALGARROBO;8433;9095;17528;404;2.095;2.700;2.908;2.770;3.124;2.387;978;162
DE VALPARAISO;CABILDO;9032;8979;18011;596;3.063;3.354;2.989;3.001;2.645;1.537;692;134
DE VALPARAISO;CALERA;21976;23001;44977;1.386;7.447;8.432;7.341;7.260;6.749;4.106;1.891;365
DE VALPARAISO;CALLE LARGA;6117;6235;12352;427;2.001;2.314;2.167;2.134;1.758;990;470;91
DE VALPARAISO;CARTAGENA;10601;11289;21890;647;3.276;3.746;3.307;3.497;3.635;2.520;1.075;187
DE VALPARAISO;CASABLANCA;12155;12575;24730;744;3.957;4.691;4.209;4.222;3.640;2.110;959;198
DE VALPARAISO;CATEMU;6203;6208;12411;421;1.966;2.220;2.087;2.162;1.790;1.119;554;92
DE VALPARAISO;CONCON;22261;24266;46527;1.251;7.843;9.150;7.904;7.405;6.929;3.991;1.676;378
DE VALPARAISO;EL QUISCO;8437;9134;17571;450;2.131;2.918;2.638;2.731;3.092;2.381;1.041;189
DE VALPARAISO;EL TABO;8089;8444;16533;348;1.843;2.573;2.524;2.623;3.165;2.330;973;154
DE VALPARAISO;HIJUELAS;8281;8103;16384;467;2.764;3.093;2.744;2.791;2.429;1.394;593;109
DE VALPARAISO;ISLA DE PASCUA;3329;3492;6821;180;1.027;1.750;1.466;1.044;831;410;99;14
DE VALPARAISO;JUAN FERNANDEZ;473;429;902;20;105;243;182;122;130;66;28;6
DE VALPARAISO;LA CRUZ;8922;9558;18480;665;3.079;3.605;3.482;2.874;2.486;1.492;669;128
DE VALPARAISO;LA LIGUA;15852;16475;32327;980;5.052;5.948;5.118;5.470;5.214;2.920;1.383;242
DE VALPARAISO;LIMACHE;21026;22428;43454;1.320;6.887;8.183;7.508;7.187;6.167;3.920;1.884;398
DE VALPARAISO;LLAILLAY;10710;10945;21655;689;3.512;4.196;3.610;3.696;3.087;1.915;790;160
DE VALPARAISO;LOS ANDES;27495;28974;56469;1.789;9.649;10.676;9.573;9.017;7.903;5.199;2.220;443
DE VALPARAISO;NOGALES;10083;9956;20039;624;3.365;3.510;3.212;3.429;3.064;1.835;826;174
DE VALPARAISO;OLMUE;8673;8974;17647;492;2.565;2.916;2.936;2.843;2.906;1.955;858;176
DE VALPARAISO;PANQUEHUE;3493;3566;7059;234;1.135;1.354;1.230;1.179;1.052;613;222;40
DE VALPARAISO;PAPUDO;3618;3626;7244;185;1.018;1.348;1.195;1.230;1.213;730;275;50
DE VALPARAISO;PETORCA;4754;4711;9465;258;1.350;1.779;1.492;1.718;1.452;902;422;92
DE VALPARAISO;PUCHUNCAVI;9907;10122;20029;560;2.872;3.642;3.255;3.276;3.387;2.072;807;158
DE VALPARAISO;PUTAENDO;7145;7371;14516;441;2.332;2.539;2.249;2.491;2.235;1.384;697;148
DE VALPARAISO;QUILLOTA;38410;40809;79219;2.406;12.905;15.075;13.211;12.262;11.842;7.435;3.330;753
DE VALPARAISO;QUILPUE;67263;74600;141863;4.041;23.391;25.705;22.911;22.956;21.486;13.380;6.560;1.433
DE VALPARAISO;QUINTERO;13875;14422;28297;869;4.712;5.071;4.600;4.552;4.378;2.624;1.246;245
DE VALPARAISO;RINCONADA;5188;5197;10385;322;1.580;1.922;1.924;1.878;1.438;862;383;76
DE VALPARAISO;SAN ANTONIO;39361;41290;80651;2.509;13.356;15.555;13.244;13.101;12.212;7.038;3.003;633
DE VALPARAISO;SAN ESTEBAN;8063;8220;16283;514;2.627;3.153;2.647;2.752;2.446;1.404;623;117
DE VALPARAISO;SAN FELIPE;29528;31909;61437;2.072;10.753;12.135;10.316;9.458;8.628;5.218;2.327;530
DE VALPARAISO;SANTA MARIA;6232;6540;12772;392;2.095;2.275;2.097;2.113;2.013;1.167;520;100
DE VALPARAISO;SANTO DOMINGO;6641;6888;13529;344;1.660;2.246;2.333;2.327;2.279;1.520;683;137
DE VALPARAISO;VALPARAISO;138629;143671;282300;7.195;44.704;51.218;46.297;46.628;43.124;27.702;12.668;2.764
DE VALPARAISO;VILLA ALEMANA;51388;58410;109798;3.272;18.781;21.024;18.419;16.907;16.099;9.848;4.471;977
DE VALPARAISO;VIÑA DEL MAR;147913;160497;308410;7.738;50.622;58.024;49.551;47.608;46.458;29.673;14.998;3.738
DE VALPARAISO;ZAPALLAR;5102;5191;10293;215;1.305;1.938;1.870;1.562;1.760;1.101;444;98
METROPOLITANA DE SANTIAGO;ALHUE;3353;3308;6661;200;1.146;1.420;1.129;1.103;884;492;245;42
METROPOLITANA DE SANTIAGO;BUIN;41905;44794;86699;2.905;14.870;20.190;16.205;13.582;10.701;5.516;2.295;435
METROPOLITANA DE SANTIAGO;CALERA DE TANGO;11464;11440;22904;811;4.133;4.377;3.783;3.968;3.333;1.733;632;134
METROPOLITANA DE SANTIAGO;CERRILLOS;32411;33079;65490;2.116;11.862;12.399;10.783;11.036;8.728;5.204;2.774;588
METROPOLITANA DE SANTIAGO;CERRO NAVIA;53940;54828;108768;3.336;18.787;21.212;17.161;19.446;14.723;8.997;4.326;780
METROPOLITANA DE SANTIAGO;COLINA;52323;54663;106986;4.714;20.530;21.284;23.073;18.191;11.258;5.607;2.004;325
METROPOLITANA DE SANTIAGO;CONCHALI;55235;56289;111524;3.020;17.195;20.676;17.006;19.651;17.671;9.549;5.479;1.277
METROPOLITANA DE SANTIAGO;CURACAVI;14723;15083;29806;878;4.874;5.774;5.029;4.873;4.497;2.601;1.086;194
METROPOLITANA DE SANTIAGO;EL BOSQUE;64846;66941;131787;4.240;23.505;25.718;20.445;21.283;19.328;10.953;5.245;1.070
METROPOLITANA DE SANTIAGO;EL MONTE;14601;15220;29821;993;5.166;6.101;5.023;4.912;4.154;2.326;976;170
METROPOLITANA DE SANTIAGO;ESTACION CENTRAL;65092;64665;129757;2.782;18.152;28.630;21.610;21.296;18.974;10.758;6.206;1.349
METROPOLITANA DE SANTIAGO;HUECHURABA;37549;40212;77761;2.982;14.542;14.505;14.327;14.782;8.564;5.132;2.525;402
METROPOLITANA DE SANTIAGO;INDEPENDENCIA;45524;45448;90972;1.981;12.811;21.147;16.880;15.413;11.374;7.255;3.304;807
METROPOLITANA DE SANTIAGO;ISLA DE MAIPO;15269;15753;31022;1.048;5.367;6.156;5.445;5.184;4.292;2.371;940;219
METROPOLITANA DE SANTIAGO;LA CISTERNA;39304;42177;81481;2.018;12.087;15.730;13.342;13.291;12.262;7.670;4.068;1.013
METROPOLITANA DE SANTIAGO;LA FLORIDA;146396;162458;308854;8.677;50.513;61.380;52.609;47.549;43.610;29.869;12.456;2.191
METROPOLITANA DE SANTIAGO;LA GRANJA;47902;49911;97813;2.936;16.497;19.041;15.263;15.022;16.368;8.636;3.199;851
METROPOLITANA DE SANTIAGO;LA PINTANA;65948;69263;135211;5.387;26.932;28.355;23.163;20.522;16.964;9.960;3.494;434
METROPOLITANA DE SANTIAGO;LA REINA;41906;47444;89350;2.485;13.713;15.095;15.950;15.154;12.893;8.486;4.418;1.156
METROPOLITANA DE SANTIAGO;LAMPA;37126;38226;75352;3.181;14.504;17.592;15.450;11.635;7.830;3.641;1.305;214
METROPOLITANA DE SANTIAGO;LAS CONDES;129940;151012;280952;6.520;42.506;53.304;51.230;44.803;38.055;25.334;14.962;4.238
METROPOLITANA DE SANTIAGO;LO BARNECHEA;42465;48217;90682;3.743;19.464;15.617;15.979;15.598;11.727;5.930;2.183;441
METROPOLITANA DE SANTIAGO;LO ESPEJO;41652;41216;82868;2.287;13.926;17.049;12.083;13.501;13.985;6.497;2.740;800
METROPOLITANA DE SANTIAGO;LO PRADO;40302;42342;82644;2.235;13.101;15.269;12.949;15.334;11.416;7.367;4.190;783
METROPOLITANA DE SANTIAGO;MACUL;48130;52647;100777;2.493;15.191;20.763;16.887;15.904;14.396;9.064;4.919;1.160
METROPOLITANA DE SANTIAGO;MAIPU;188983;208927;397910;12.943;75.637;80.091;62.772;62.410;59.723;30.707;11.638;1.989
METROPOLITANA DE SANTIAGO;MARIA PINTO;6516;6574;13090;408;2.030;2.557;2.186;2.202;1.986;1.165;463;93
METROPOLITANA DE SANTIAGO;MELIPILLA;51647;53166;104813;3.340;18.024;20.466;17.765;16.944;15.034;8.723;3.845;672
METROPOLITANA DE SANTIAGO;ÑUÑOA;96259;113350;209609;3.923;26.998;48.877;40.869;29.920;28.079;18.182;9.633;3.128
METROPOLITANA DE SANTIAGO;PADRE HURTADO;26794;28784;55578;1.906;9.935;13.294;10.319;8.555;6.424;3.480;1.425;240
METROPOLITANA DE SANTIAGO;PAINE;30184;30770;60954;2.032;10.867;11.905;10.693;10.130;8.468;4.695;1.828;336
METROPOLITANA DE SANTIAGO;PEDRO AGUIRRE CERDA;42943;44040;86983;2.269;13.249;16.237;13.025;13.537;15.727;8.139;3.645;1.155
METROPOLITANA DE SANTIAGO;PEÑAFLOR;36448;38687;75135;2.601;13.806;14.444;12.720;13.028;10.121;5.598;2.400;417
METROPOLITANA DE SANTIAGO;PEÑALOLEN;91197;97452;188649;6.544;35.852;35.687;31.505;33.888;23.756;13.993;6.385;1.039
METROPOLITANA DE SANTIAGO;PIRQUE;12506;12573;25079;753;4.136;4.808;4.243;4.287;3.862;2.037;811;142
METROPOLITANA DE SANTIAGO;PROVIDENCIA;80411;88698;169109;2.333;19.249;35.151;35.398;27.669;21.675;16.348;8.667;2.619
METROPOLITANA DE SANTIAGO;PUDAHUEL;84459;90235;174694;6.056;32.676;36.178;29.265;28.696;24.617;11.706;4.671;829
METROPOLITANA DE SANTIAGO;PUENTE ALTO;199748;219229;418977;15.414;84.086;87.448;68.522;65.926;59.096;27.357;9.408;1.720
METROPOLITANA DE SANTIAGO;QUILICURA;73875;78448;152323;6.121;32.314;32.439;27.217;25.988;17.901;7.627;2.375;341
METROPOLITANA DE SANTIAGO;QUINTA NORMAL;51066;51520;102586;2.593;15.508;20.405;17.414;17.691;14.574;9.045;4.361;995
METROPOLITANA DE SANTIAGO;RECOLETA;68166;68056;136222;3.658;20.480;27.099;25.381;22.580;18.638;11.690;5.496;1.200
METROPOLITANA DE SANTIAGO;RENCA;56234;58250;114484;3.954;21.088;22.421;19.948;18.616;14.767;9.273;3.788;629
METROPOLITANA DE SANTIAGO;SAN BERNARDO;112611;118329;230940;8.487;45.054;47.068;39.270;37.830;29.331;16.200;6.479;1.221
METROPOLITANA DE SANTIAGO;SAN JOAQUIN;39004;40688;79692;2.090;12.429;15.449;12.142;12.946;12.450;7.464;3.777;945
METROPOLITANA DE SANTIAGO;SAN JOSE DE MAIPO;7988;8142;16130;448;2.494;2.869;2.827;2.864;2.463;1.398;647;120
METROPOLITANA DE SANTIAGO;SAN MIGUEL;55017;59882;114899;2.387;15.375;25.985;20.537;19.714;15.719;9.329;4.699;1.154
METROPOLITANA DE SANTIAGO;SAN PEDRO;4812;4540;9352;281;1.406;1.696;1.496;1.562;1.426;938;462;85
METROPOLITANA DE SANTIAGO;SAN RAMON;37264;37759;75023;2.300;12.938;13.485;11.111;14.017;10.426;6.701;3.466;579
METROPOLITANA DE SANTIAGO;SANTIAGO;193287;185076;378363;7.353;54.735;102.224;77.986;55.561;41.209;24.544;12.159;2.592
METROPOLITANA DE SANTIAGO;TALAGANTE;29985;31571;61556;2.065;10.907;12.222;10.539;10.053;8.866;4.570;1.968;366
METROPOLITANA DE SANTIAGO;TILTIL;7918;7905;15823;543;2.703;3.267;2.622;2.605;2.237;1.224;512;110
METROPOLITANA DE SANTIAGO;VITACURA;39306;47729;87035;2.195;13.116;13.594;15.399;14.918;11.800;8.841;5.739;1.433
DEL LIBERTADOR GENERAL BERNARDO O'HIGGINS;CHEPICA;7075;7121;14196;392;2.069;2.625;2.352;2.481;2.157;1.414;586;120
DEL LIBERTADOR GENERAL BERNARDO O'HIGGINS;CHIMBARONGO;15920;15792;31712;975;5.210;5.848;5.159;5.702;4.856;2.640;1.133;189
DEL LIBERTADOR GENERAL BERNARDO O'HIGGINS;CODEGUA;6034;6142;12176;393;1.991;2.284;2.122;2.065;1.911;976;372;62
DEL LIBERTADOR GENERAL BERNARDO O'HIGGINS;COINCO;3860;3837;7697;201;1.184;1.364;1.252;1.324;1.216;742;352;62
DEL LIBERTADOR GENERAL BERNARDO O'HIGGINS;COLTAUCO;8707;8898;17605;543;2.927;3.307;2.864;2.931;2.666;1.553;679;135
DEL LIBERTADOR GENERAL BERNARDO O'HIGGINS;DOÑIHUE;9649;9803;19452;650;3.287;3.600;3.322;3.282;2.805;1.694;683;129
DEL LIBERTADOR GENERAL BERNARDO O'HIGGINS;GRANEROS;13919;14388;28307;1.005;5.074;5.494;4.776;4.811;4.019;2.143;852;133
DEL LIBERTADOR GENERAL BERNARDO O'HIGGINS;LA ESTRELLA;2183;2098;4281;91;521;722;669;759;793;498;187;41
DEL LIBERTADOR GENERAL BERNARDO O'HIGGINS;LAS CABRAS;11596;11320;22916;665;3.476;4.188;3.695;4.075;3.727;2.068;858;164
DEL LIBERTADOR GENERAL BERNARDO O'HIGGINS;LITUECHE;4180;3972;8152;192;1.136;1.476;1.273;1.483;1.425;814;296;57
DEL LIBERTADOR GENERAL BERNARDO O'HIGGINS;LOLOL;3757;3579;7336;171;1.018;1.240;1.172;1.413;1.094;780;349;99
DEL LIBERTADOR GENERAL BERNARDO O'HIGGINS;MACHALI;20991;22291;43282;1.659;7.587;8.272;8.696;7.141;5.417;3.172;1.147;191
DEL LIBERTADOR GENERAL BERNARDO O'HIGGINS;MALLOA;6483;6341;12824;373;1.927;2.340;2.022;2.312;2.013;1.206;530;101
DEL LIBERTADOR GENERAL BERNARDO O'HIGGINS;MARCHIGUE;4068;3945;8013;190;1.132;1.419;1.241;1.460;1.328;819;361;63
DEL LIBERTADOR GENERAL BERNARDO O'HIGGINS;MOSTAZAL;11210;11499;22709;737;3.969;4.232;3.758;3.886;3.309;1.916;768;134
DEL LIBERTADOR GENERAL BERNARDO O'HIGGINS;NANCAGUA;7878;7981;15859;507;2.485;3.056;2.518;2.792;2.415;1.348;626;112
DEL LIBERTADOR GENERAL BERNARDO O'HIGGINS;NAVIDAD;4215;4164;8379;158;963;1.472;1.363;1.465;1.443;977;440;98
DEL LIBERTADOR GENERAL BERNARDO O'HIGGINS;OLIVAR;6668;6539;13207;393;2.258;2.462;2.295;2.376;1.902;1.033;400;88
DEL LIBERTADOR GENERAL BERNARDO O'HIGGINS;PALMILLA;5592;5563;11155;287;1.566;2.009;1.880;2.068;1.796;1.025;444;80
DEL LIBERTADOR GENERAL BERNARDO O'HIGGINS;PAREDONES;3896;3584;7480;153;1.023;1.201;1.148;1.469;1.272;747;365;102
DEL LIBERTADOR GENERAL BERNARDO O'HIGGINS;PERALILLO;5427;5363;10790;313;1.635;1.879;1.759;1.993;1.657;1.035;428;91
DEL LIBERTADOR GENERAL BERNARDO O'HIGGINS;PEUMO;6543;6544;13087;414;2.027;2.447;2.091;2.340;1.987;1.190;492;99
DEL LIBERTADOR GENERAL BERNARDO O'HIGGINS;PICHIDEGUA;8928;8916;17844;489;2.780;2.989;2.828;3.304;2.796;1.804;714;140
DEL LIBERTADOR GENERAL BERNARDO O'HIGGINS;PICHILEMU;9491;9635;19126;458;2.754;4.143;3.403;3.100;2.866;1.619;653;130
DEL LIBERTADOR GENERAL BERNARDO O'HIGGINS;PLACILLA;4408;4338;8746;255;1.324;1.634;1.490;1.534;1.386;760;305;58
DEL LIBERTADOR GENERAL BERNARDO O'HIGGINS;PUMANQUE;2272;2209;4481;89;498;785;756;773;782;531;215;52
DEL LIBERTADOR GENERAL BERNARDO O'HIGGINS;QUINTA DE TILCOCO;6446;6431;12877;354;1.994;2.545;2.141;2.180;1.969;1.142;475;77
DEL LIBERTADOR GENERAL BERNARDO O'HIGGINS;RANCAGUA;97181;103565;200746;6.519;34.881;39.527;34.041;32.270;27.927;17.019;7.183;1.379
DEL LIBERTADOR GENERAL BERNARDO O'HIGGINS;RENGO;25128;26529;51657;1.666;8.894;10.456;8.443;8.494;7.248;4.334;1.810;312
DEL LIBERTADOR GENERAL BERNARDO O'HIGGINS;REQUINOA;12315;12257;24572;850;4.216;4.806;4.142;4.327;3.399;1.923;769;140
DEL LIBERTADOR GENERAL BERNARDO O'HIGGINS;SAN FERNANDO;31328;33148;64476;1.985;10.803;12.477;11.032;10.666;9.195;5.483;2.370;465
DEL LIBERTADOR GENERAL BERNARDO O'HIGGINS;SAN VICENTE;20842;21630;42472;1.312;6.610;7.552;6.939;7.258;6.618;4.044;1.749;390
DEL LIBERTADOR GENERAL BERNARDO O'HIGGINS;SANTA CRUZ;16267;17109;33376;989;5.310;6.241;5.539;5.881;4.875;2.933;1.332;276
DEL MAULE;CAUQUENES;18104;19862;37966;1.157;5.763;6.442;6.009;6.516;5.825;3.737;1.985;532
DEL MAULE;CHANCO;4761;4638;9399;283;1.361;1.576;1.536;1.677;1.518;888;463;97
DEL MAULE;COLBUN;10044;10296;20340;634;3.199;3.749;3.364;3.529;3.144;1.883;722;116
DEL MAULE;CONSTITUCION;20081;20194;40275;1.353;6.848;7.985;6.858;6.912;5.686;3.224;1.196;213
DEL MAULE;CUREPTO;5303;4846;10149;233;1.328;1.521;1.573;1.860;1.748;1.143;602;141
DEL MAULE;CURICO;61054;64895;125949;4.076;20.929;25.423;21.770;20.799;17.842;10.167;4.132;811
DEL MAULE;EMPEDRADO;2245;2179;4424;115;727;867;800;773;600;352;155;35
DEL MAULE;HUALAÑE;5086;4945;10031;246;1.374;1.688;1.499;1.903;1.651;1.101;460;109
DEL MAULE;LICANTEN;3521;3495;7016;166;1.048;1.241;1.182;1.253;1.123;662;290;51
DEL MAULE;LINARES;40592;44131;84723;2.596;13.625;15.980;14.053;14.418;12.668;7.520;3.208;655
DEL MAULE;LONGAVI;14878;14497;29375;869;4.366;5.402;4.871;5.310;4.715;2.604;1.068;170
DEL MAULE;MAULE;14539;16092;30631;1.256;5.429;6.117;5.974;5.223;3.704;2.068;738;122
DEL MAULE;MOLINA;20393;21224;41617;1.290;6.503;7.504;7.140;7.193;6.421;3.766;1.536;264
DEL MAULE;PARRAL;19066;20086;39152;1.150;6.067;6.949;5.962;7.250;5.877;3.748;1.802;347
DEL MAULE;PELARCO;4944;4894;9838;261;1.386;1.834;1.595;1.819;1.506;949;420;68
DEL MAULE;PELLUHUE;4101;4171;8272;211;1.101;1.538;1.378;1.371;1.279;896;419;79
DEL MAULE;PENCAHUE;5463;5003;10466;250;1.444;1.686;1.830;2.085;1.671;992;424;84
DEL MAULE;RAUCO;5282;5271;10553;320;1.531;1.845;1.788;1.929;1.582;1.029;441;88
DEL MAULE;RETIRO;9485;9626;19111;525;2.825;3.295;2.924;3.770;3.109;1.817;753;93
DEL MAULE;RIO CLARO;6657;6410;13067;384;1.920;2.363;2.097;2.463;2.046;1.223;503;68
DEL MAULE;ROMERAL;7384;7497;14881;481;2.230;2.770;2.638;2.741;2.196;1.249;476;100
DEL MAULE;SAGRADA FAMILIA;8495;8330;16825;494;2.599;3.039;2.759;3.153;2.597;1.500;574;110
DEL MAULE;SAN CLEMENTE;20062;19888;39950;1.204;6.405;7.413;6.268;7.459;5.937;3.582;1.428;254
DEL MAULE;SAN JAVIER;20429;21400;41829;1.301;6.877;7.837;6.588;7.502;6.012;3.769;1.601;342
DEL MAULE;SAN RAFAEL;4827;4932;9759;296;1.571;1.734;1.563;1.829;1.465;907;329;65
DEL MAULE;TALCA;90243;98301;188544;5.912;33.100;37.053;31.334;30.288;26.230;16.224;6.976;1.427
DEL MAULE;TENO;13425;13184;26609;776;4.161;4.980;4.212;4.892;4.129;2.292;992;175
DEL MAULE;VICHUQUEN;2662;2457;5119;117;710;906;806;954;808;527;247;44
DEL MAULE;VILLA ALEGRE;7301;7838;15139;436;2.281;2.610;2.396;2.730;2.400;1.486;668;132
DEL MAULE;YERBAS BUENAS;8466;8552;17018;510;2.694;3.034;2.774;3.205;2.608;1.516;587;90
DE ÑUBLE;BULNES;10355;10887;21242;583;3.206;3.641;3.259;4.068;3.331;2.069;901;184
DE ÑUBLE;CHILLAN;74724;83854;158578;5.117;26.850;29.779;25.575;27.764;22.266;13.616;6.307;1.304
DE ÑUBLE;CHILLAN VIEJO;11504;12976;24480;863;4.342;4.556;4.243;4.471;3.215;1.897;769;124
DE ÑUBLE;COBQUECURA;3032;2989;6021;137;679;1.047;1.095;1.074;954;651;312;72
DE ÑUBLE;COELEMU;7454;7628;15082;426;2.262;2.524;2.440;2.715;2.447;1.490;639;139
DE ÑUBLE;COIHUECO;12069;12140;24209;735;3.973;4.500;3.956;4.547;3.558;1.958;836;146
DE ÑUBLE;EL CARMEN;6339;6378;12717;390;1.907;2.167;2.080;2.507;1.804;1.143;601;118
DE ÑUBLE;NINHUE;2915;2919;5834;142;742;922;900;1.156;983;623;308;58
DE ÑUBLE;ÑIQUEN;5887;5738;11625;306;1.568;1.752;1.752;2.242;2.048;1.300;543;114
DE ÑUBLE;PEMUCO;4256;4175;8431;239;1.329;1.436;1.369;1.603;1.320;715;352;68
DE ÑUBLE;PINTO;6156;6294;12450;288;1.677;2.180;1.973;2.441;2.029;1.197;547;118
DE ÑUBLE;PORTEZUELO;3018;2980;5998;116;778;927;920;1.275;1.014;587;314;67
DE ÑUBLE;QUILLON;8596;8903;17499;456;2.351;2.824;2.657;3.256;2.974;1.922;880;179
DE ÑUBLE;QUIRIHUE;5328;5484;10812;311;1.525;1.859;1.748;2.003;1.624;1.108;521;113
DE ÑUBLE;RANQUIL;2956;3034;5990;150;762;899;931;1.164;1.053;663;306;62
DE ÑUBLE;SAN CARLOS;23659;24898;48557;1.470;7.624;8.506;7.225;9.221;7.481;4.514;2.141;375
DE ÑUBLE;SAN FABIAN;2796;2730;5526;143;742;985;920;1.040;816;542;273;65
DE ÑUBLE;SAN IGNACIO;7674;7803;15477;432;2.218;2.695;2.344;3.015;2.498;1.476;637;162
DE ÑUBLE;SAN NICOLAS;6526;6663;13189;352;1.831;2.280;2.147;2.589;2.112;1.278;520;80
DE ÑUBLE;TREHUACO;3036;2947;5983;141;839;1.048;973;1.116;915;612;291;48
DE ÑUBLE;YUNGAY;8541;8695;17236;474;2.614;2.950;2.641;3.407;2.612;1.579;792;167
DEL BIOBIO;ALTO BIOBIO;2916;2847;5763;263;1.171;1.337;1.082;859;621;292;124;14
DEL BIOBIO;ANTUCO;2344;2403;4747;125;644;763;799;889;768;474;237;48
DEL BIOBIO;ARAUCO;15780;16163;31943;1.070;5.337;6.153;5.393;5.810;4.358;2.494;1.112;216
DEL BIOBIO;CABRERO;13342;13642;26984;850;4.481;4.840;4.423;5.151;3.836;2.242;984;177
DEL BIOBIO;CAÑETE;14599;15584;30183;1.065;5.293;5.594;5.157;5.232;3.997;2.489;1.125;231
DEL BIOBIO;CHIGUAYANTE;32903;36874;69777;2.202;12.534;13.283;10.785;12.142;10.008;5.982;2.424;417
DEL BIOBIO;CONCEPCION;96814;104694;201508;4.889;32.846;39.381;32.022;34.358;28.854;18.465;8.733;1.960
DEL BIOBIO;CONTULMO;3093;3000;6093;192;915;1.041;993;1.142;895;538;314;63
DEL BIOBIO;CORONEL;45277;48751;94028;3.297;16.079;18.270;14.922;16.838;13.925;7.226;2.902;569
DEL BIOBIO;CURANILAHUE;14722;14774;29496;907;4.987;5.333;4.866;5.269;4.389;2.500;1.031;214
DEL BIOBIO;FLORIDA;5708;5650;11358;292;1.457;1.871;1.664;2.255;1.964;1.200;550;105
DEL BIOBIO;HUALPEN;37045;40337;77382;2.214;12.827;14.090;11.769;14.153;11.842;6.634;3.207;646
DEL BIOBIO;HUALQUI;10596;11281;21877;696;3.732;4.056;3.678;3.976;3.135;1.669;794;141
DEL BIOBIO;LAJA;10685;10944;21629;670;3.499;3.564;3.442;4.214;3.197;2.009;919;115
DEL BIOBIO;LEBU;10731;11389;22120;731;3.794;4.118;3.714;4.056;3.004;1.825;717;161
DEL BIOBIO;LOS ALAMOS;9382;9717;19099;723;3.327;3.624;3.348;3.430;2.576;1.431;528;112
DEL BIOBIO;LOS ANGELES;84458;90222;174680;5.990;30.503;33.782;29.263;30.764;23.380;13.694;6.073;1.231
DEL BIOBIO;LOTA;22207;22980;45187;1.221;6.813;7.688;6.876;9.298;7.173;4.083;1.737;298
DEL BIOBIO;MULCHEN;13210;13409;26619;909;4.369;4.712;4.175;4.982;3.727;2.360;1.145;240
DEL BIOBIO;NACIMIENTO;12154;12022;24176;798;4.055;4.326;3.920;4.431;3.541;1.963;965;177
DEL BIOBIO;NEGRETE;4880;4845;9725;297;1.544;1.829;1.521;1.854;1.468;799;351;62
DEL BIOBIO;PENCO;20509;22370;42879;1.264;6.954;7.987;6.867;7.510;6.515;3.926;1.566;290
DEL BIOBIO;QUILACO;2342;2247;4589;88;570;787;684;868;742;525;272;53
DEL BIOBIO;QUILLECO;4906;4698;9604;275;1.344;1.570;1.408;1.943;1.429;988;532;115
DEL BIOBIO;SAN PEDRO DE LA PAZ;47431;53375;100806;3.927;19.110;20.041;19.179;16.420;11.791;7.105;2.725;508
DEL BIOBIO;SAN ROSENDO;2173;2143;4316;109;620;769;677;814;664;420;207;36
DEL BIOBIO;SANTA BARBARA;6641;6766;13407;413;2.105;2.352;2.163;2.399;1.942;1.269;643;121
DEL BIOBIO;SANTA JUANA;6610;6947;13557;404;2.071;2.391;2.123;2.592;2.062;1.211;579;124
DEL BIOBIO;TALCAHUANO;63525;66446;129971;4.065;20.927;24.123;20.877;21.998;20.325;11.746;4.852;1.058
DEL BIOBIO;TIRUA;4579;4569;9148;352;1.707;1.801;1.691;1.512;1.090;661;282;52
DEL BIOBIO;TOME;24161;26582;50743;1.437;7.671;8.914;8.065;9.056;7.906;4.921;2.326;447
DEL BIOBIO;TUCAPEL;6844;7072;13916;406;2.119;2.366;2.140;2.622;2.106;1.394;623;140
DEL BIOBIO;YUMBEL;10417;10747;21164;560;2.904;3.326;3.391;4.092;3.412;2.131;1.136;212
DE LA ARAUCANIA;ANGOL;22697;24424;47121;1.523;7.494;8.888;7.624;8.391;6.730;4.095;1.962;414
DE LA ARAUCANIA;CARAHUE;12063;12038;24101;765;3.623;4.156;3.728;4.404;3.526;2.381;1.272;246
DE LA ARAUCANIA;CHOLCHOL;6171;6224;12395;401;2.114;2.253;2.040;2.144;1.725;1.077;520;121
DE LA ARAUCANIA;COLLIPULLI;10910;11216;22126;759;3.711;4.064;3.489;3.971;3.224;1.845;873;190
DE LA ARAUCANIA;CUNCO;10453;10192;20645;501;2.690;3.107;2.920;3.745;3.265;2.617;1.558;242
DE LA ARAUCANIA;CURACAUTIN;10170;10788;20958;494;2.500;2.966;3.036;3.889;3.459;2.790;1.568;256
DE LA ARAUCANIA;CURARREHUE;4628;4390;9018;206;1.392;1.576;1.471;1.750;1.300;837;406;80
DE LA ARAUCANIA;ERCILLA;3978;4037;8015;287;1.382;1.506;1.358;1.363;1.059;672;312;76
DE LA ARAUCANIA;FREIRE;11826;11766;23592;654;3.663;3.790;3.621;4.461;3.714;2.310;1.168;211
DE LA ARAUCANIA;GALVARINO;6211;5992;12203;410;2.023;2.179;1.951;2.149;1.775;1.029;563;124
DE LA ARAUCANIA;GORBEA;7669;7776;15445;387;2.077;2.469;2.252;2.907;2.417;1.738;1.041;157
DE LA ARAUCANIA;LAUTARO;17695;18618;36313;1.242;6.156;6.815;5.920;6.570;4.805;2.985;1.528;292
DE LA ARAUCANIA;LONCOCHE;11917;12201;24118;701;3.521;3.911;3.755;4.402;3.864;2.434;1.294;236
DE LA ARAUCANIA;LONQUIMAY;6095;6000;12095;315;1.849;1.906;1.849;2.349;1.710;1.292;725;100
DE LA ARAUCANIA;LOS SAUCES;3773;3613;7386;226;1.103;1.304;1.160;1.353;1.119;713;342;66
DE LA ARAUCANIA;LUMACO;4528;4216;8744;279;1.353;1.490;1.426;1.688;1.237;764;432;75
DE LA ARAUCANIA;MELIPEUCO;4122;3995;8117;194;1.037;1.231;1.207;1.550;1.344;922;559;73
DE LA ARAUCANIA;NUEVA IMPERIAL;15535;16057;31592;988;5.165;5.481;4.974;5.478;4.634;2.936;1.603;333
DE LA ARAUCANIA;PADRE LAS CASAS;30684;32715;63399;2.327;11.887;12.180;10.695;10.943;8.221;4.721;2.042;383
DE LA ARAUCANIA;PERQUENCO;3508;3593;7101;206;1.088;1.261;1.200;1.339;1.063;560;316;68
DE LA ARAUCANIA;PITRUFQUEN;11804;12779;24583;740;3.769;4.020;3.815;4.447;3.709;2.444;1.371;268
DE LA ARAUCANIA;PUCON;16532;17201;33733;927;5.048;6.820;6.164;5.462;4.508;2.993;1.591;220
DE LA ARAUCANIA;PUREN;5867;6082;11949;369;1.802;2.148;1.909;2.210;1.786;1.044;536;145
DE LA ARAUCANIA;RENAICO;4879;5119;9998;330;1.516;1.846;1.675;1.833;1.460;888;376;74
DE LA ARAUCANIA;SAAVEDRA;6644;6541;13185;359;1.891;2.373;2.007;2.402;1.993;1.284;740;136
DE LA ARAUCANIA;TEMUCO;116724;128630;245354;7.350;42.978;47.567;40.944;41.296;32.453;20.393;10.264;2.109
DE LA ARAUCANIA;TEODORO SCHMIDT;7364;7274;14638;422;2.050;2.537;2.240;2.648;2.375;1.489;729;148
DE LA ARAUCANIA;TOLTEN;5335;5091;10426;282;1.533;1.634;1.478;1.988;1.672;1.114;622;103
DE LA ARAUCANIA;TRAIGUEN;8671;9153;17824;579;2.680;2.947;2.755;3.292;2.793;1.720;862;196
DE LA ARAUCANIA;VICTORIA;15607;16532;32139;947;4.938;5.712;5.011;5.862;4.739;3.119;1.508;303
DE LA ARAUCANIA;VILCUN;12760;13347;26107;875;4.240;4.529;4.265;4.804;3.666;2.326;1.204;198
DE LA ARAUCANIA;VILLARRICA;30383;32277;62660;1.777;9.413;11.622;10.357;10.840;9.284;5.907;2.954;506
DE LOS RIOS;CORRAL;2891;2744;5635;172;764;915;775;1.162;872;601;314;60
DE LOS RIOS;FUTRONO;7715;7862;15577;458;2.522;2.885;2.422;2.906;2.301;1.322;651;110
DE LOS RIOS;LA UNION;17680;18227;35907;1.102;5.540;6.409;5.580;6.591;5.395;3.406;1.568;316
DE LOS RIOS;LAGO RANCO;5370;5254;10624;328;1.485;1.865;1.671;2.021;1.594;1.032;546;82
DE LOS RIOS;LANCO;8377;8780;17157;522;2.769;2.838;2.565;3.101;2.627;1.673;894;168
DE LOS RIOS;LOS LAGOS;9813;9767;19580;600;3.061;3.487;3.066;3.588;2.880;1.816;937;145
DE LOS RIOS;MAFIL;3832;3902;7734;215;1.118;1.487;1.149;1.392;1.169;760;384;60
DE LOS RIOS;MARIQUINA;10261;10383;20644;708;3.579;3.808;3.383;3.650;2.784;1.748;832;152
DE LOS RIOS;PAILLACO;9734;10158;19892;585;3.028;3.381;3.128;3.675;3.047;1.918;967;163
DE LOS RIOS;PANGUIPULLI;18615;18777;37392;1.035;5.431;6.394;5.948;7.247;5.584;3.649;1.821;283
DE LOS RIOS;RIO BUENO;15170;15600;30770;859;4.646;5.207;4.636;5.808;4.769;2.971;1.565;309
DE LOS RIOS;VALDIVIA;69670;75876;145546;4.379;25.532;28.282;23.792;24.036;20.560;12.211;5.623;1.131
DE LOS LAGOS;ANCUD;19205;19318;38523;1.169;6.010;7.099;6.318;6.997;5.654;3.335;1.647;294
DE LOS LAGOS;CALBUCO;17097;16345;33442;1.100;5.436;5.987;4.976;6.321;4.565;3.070;1.686;301
DE LOS LAGOS;CASTRO;20949;21609;42558;1.400;6.874;8.349;7.834;7.300;5.359;3.266;1.872;304
DE LOS LAGOS;CHAITEN;2676;2196;4872;133;681;781;962;971;658;429;219;38
DE LOS LAGOS;CHONCHI;6940;7031;13971;408;2.152;2.582;2.361;2.544;1.862;1.215;726;121
DE LOS LAGOS;COCHAMO;2532;2241;4773;101;558;804;738;937;796;532;262;45
DE LOS LAGOS;CURACO DE VELEZ;1831;1900;3731;116;582;632;608;640;476;367;252;58
DE LOS LAGOS;DALCAHUE;6960;6956;13916;448;2.411;2.669;2.366;2.371;1.731;1.103;691;126
DE LOS LAGOS;FRESIA;6397;6168;12565;342;1.884;2.142;1.849;2.434;1.976;1.197;630;111
DE LOS LAGOS;FRUTILLAR;9567;10022;19589;544;3.000;4.025;3.494;3.376;2.810;1.579;650;111
DE LOS LAGOS;FUTALEUFU;1972;1986;3958;65;421;590;580;775;708;522;269;28
DE LOS LAGOS;HUALAIHUE;5030;4393;9423;288;1.499;1.789;1.641;1.861;1.261;683;339;62
DE LOS LAGOS;LLANQUIHUE;8315;8491;16806;501;2.790;3.125;2.773;3.183;2.376;1.378;585;95
DE LOS LAGOS;LOS MUERMOS;8542;8270;16812;499;2.562;2.918;2.554;3.195;2.511;1.589;799;185
DE LOS LAGOS;MAULLIN;7738;7372;15110;373;2.146;2.579;2.073;2.877;2.293;1.639;946;184
DE LOS LAGOS;OSORNO;69505;75354;144859;4.662;23.660;27.353;24.903;25.137;20.060;11.988;5.863;1.233
DE LOS LAGOS;PALENA;1172;1107;2279;53;297;363;322;463;386;267;105;23
DE LOS LAGOS;PUERTO MONTT;101541;106315;207856;7.311;37.713;43.145;37.770;35.452;25.469;13.805;6.021;1.170
DE LOS LAGOS;PUERTO OCTAY;4771;4455;9226;257;1.375;1.584;1.390;1.809;1.453;869;408;81
DE LOS LAGOS;PUERTO VARAS;23686;24440;48126;1.381;6.972;10.525;9.567;8.235;6.156;3.458;1.566;266
DE LOS LAGOS;PUQUELDON;2215;2145;4360;81;630;677;747;816;598;477;286;48
DE LOS LAGOS;PURRANQUE;9663;9885;19548;587;2.958;3.320;2.890;3.718;3.040;1.902;960;173
DE LOS LAGOS;PUYEHUE;6181;6069;12250;328;1.786;2.101;1.942;2.438;1.963;1.118;467;107
DE LOS LAGOS;QUEILEN;3134;2987;6121;168;880;1.077;983;1.082;850;618;404;59
DE LOS LAGOS;QUELLON;12543;11988;24531;831;4.328;5.437;4.490;4.220;2.857;1.432;829;107
DE LOS LAGOS;QUEMCHI;4609;4374;8983;245;1.227;1.357;1.394;1.597;1.304;1.056;685;118
DE LOS LAGOS;QUINCHAO;4357;4339;8696;226;1.267;1.286;1.339;1.582;1.217;998;676;105
DE LOS LAGOS;RIO NEGRO;6633;6585;13218;335;1.876;2.193;2.077;2.579;2.011;1.345;679;123
DE LOS LAGOS;SAN JUAN DE LA COSTA;4402;4114;8516;190;1.119;1.235;1.528;1.799;1.355;831;376;83
DE LOS LAGOS;SAN PABLO;5020;5211;10231;247;1.408;1.632;1.616;2.035;1.618;1.060;505;110
DE AYSEN DEL GENERAL CARLOS IBAÑEZ DEL CAMPO;AYSEN;11675;11072;22747;758;3.463;4.717;4.212;3.809;3.082;1.688;913;105
DE AYSEN DEL GENERAL CARLOS IBAÑEZ DEL CAMPO;CHILE CHICO;3245;3098;6343;133;658;993;970;1.146;1.197;777;406;63
DE AYSEN DEL GENERAL CARLOS IBAÑEZ DEL CAMPO;CISNES;2532;2316;4848;178;691;1.075;892;908;651;302;129;22
DE AYSEN DEL GENERAL CARLOS IBAÑEZ DEL CAMPO;COCHRANE;1790;1645;3435;104;526;724;641;565;453;268;139;15
DE AYSEN DEL GENERAL CARLOS IBAÑEZ DEL CAMPO;COYHAIQUE;27160;27050;54210;1.784;7.517;10.655;10.672;9.333;7.234;4.398;2.284;333
DE AYSEN DEL GENERAL CARLOS IBAÑEZ DEL CAMPO;GUAITECAS;872;685;1557;38;264;325;327;284;180;96;40;3
DE AYSEN DEL GENERAL CARLOS IBAÑEZ DEL CAMPO;LAGO VERDE;710;551;1261;29;189;260;215;244;176;112;29;7
DE AYSEN DEL GENERAL CARLOS IBAÑEZ DEL CAMPO;O'HIGGINS;492;337;829;21;144;232;170;131;87;35;7;2
DE AYSEN DEL GENERAL CARLOS IBAÑEZ DEL CAMPO;RIO IBAÑEZ;1651;1468;3119;59;399;616;497;594;510;287;130;27
DE AYSEN DEL GENERAL CARLOS IBAÑEZ DEL CAMPO;TORTEL;374;326;700;24;128;192;128;131;65;25;7;0
DE MAGALLANES Y DE LA ANTARTICA CHILENA;ANTARTICA;144;21;165;1;9;50;50;30;17;7;0;1
DE MAGALLANES Y DE LA ANTARTICA CHILENA;CABO DE HORNOS(EX-NAVARINO);981;751;1732;43;292;483;416;243;168;70;16;1
DE MAGALLANES Y DE LA ANTARTICA CHILENA;LAGUNA BLANCA;481;338;819;13;82;174;150;147;154;69;26;4
DE MAGALLANES Y DE LA ANTARTICA CHILENA;NATALES;11910;11896;23806;576;3.154;4.562;4.294;3.985;3.343;2.441;1.266;185
DE MAGALLANES Y DE LA ANTARTICA CHILENA;PORVENIR;3315;2497;5812;157;771;1.200;1.265;991;754;415;226;33
DE MAGALLANES Y DE LA ANTARTICA CHILENA;PRIMAVERA;791;443;1234;39;143;264;276;235;167;84;23;3
DE MAGALLANES Y DE LA ANTARTICA CHILENA;PUNTA ARENAS;61449;60032;121481;3.359;17.689;22.737;22.808;19.647;18.541;10.526;5.231;943
DE MAGALLANES Y DE LA ANTARTICA CHILENA;RIO VERDE;472;246;718;9;54;116;161;173;129;54;21;1
DE MAGALLANES Y DE LA ANTARTICA CHILENA;SAN GREGORIO;362;225;587;8;81;123;122;98;98;35;19;3
DE MAGALLANES Y DE LA ANTARTICA CHILENA;TIMAUKEL;581;321;902;12;114;179;208;191;138;46;13;1
DE MAGALLANES Y DE LA ANTARTICA CHILENA;TORRES DEL PAINE;817;492;1309;10;122;281;371;261;164;74;23;3
;;;;;469.737;2.566.643;3.036.481;2.631.652;2.590.742;2.165.771;1.282.327;586.281;120.743
;;;;;;;;;;;;;
;;;;;;;;;;;;;
;;;;;;;;;;;;;
;;;;;;;;;;;;;
;;;;;;;;;;;;;
;;;;;;;;;;;;;
;;;;;;;;;;;;;
;;;;;;;;;;;;;
;;;;;;;;;;;;;
;;;;;;;;;;;;;
;;;;;;;;;;;;;
;;;;;;;;;;;;;
;;;;;;;;;;;;;
;;;;;;;;;;;;;
;;;;;;;;;;;;;
