poll_id,house,fieldwork_start,fieldwork_end,publish_date,n_reported,deff,n_effective,mode,sample_type,candidate,share_reported_pct,indecisos_pct,notes,share_adj_pct,p_dec,logit,survey_date,eval_time_CLT,T_days,w_time,w_size,w_poll,house_bias_logit,logit_adj,w_logit,w_time_pre,w_pre,wl_pre,sum_w_by_cand,sum_wl_by_cand,sum_w_by_cand_house,sum_wl_by_cand_house,w_others,wl_others,consensus_others,delta_logit,w_delta,in_window,w_pre_num,w_delta_num
01112025_Activa,Activa,28-10-2025 00:00,31-10-2025 00:00,01-11-2025 00:00,2001.0,1.7,1177.0588235294117,Panel online,No Probabilistico estratificado,Jeannette Jara,24.9,14.9,n_effective NO reportado,29.25969447708578,"29,26%",-0.882804549,31-10-2025 00:00,14-11-2025 23:00,14.958,0.032,34.308,1.083,-0.041,-0.842,-0.911,0.355,12.165,-10.739,132.37,-102.32,15.773,-13.611,116.597,-88.709,-0.761,-0.122,-1.484,1.0,12.16489548,-1.483902375
01112025_Activa,Activa,28-10-2025 00:00,31-10-2025 00:00,01-11-2025 00:00,2001.0,1.7,1177.0588235294117,Panel online,No Probabilistico estratificado,José Antonio Kast,16.9,14.9,n_effective NO reportado,19.858989424206815,"19,86%",-1.395130943,31-10-2025 00:00,14-11-2025 23:00,14.958,0.032,34.308,1.083,-0.006,-1.389,-1.503,0.355,12.165,-16.972,132.37,-177.33,15.773,-21.354,116.597,-155.976,-1.338,-0.057,-0.698,1.0,12.16489548,-0.698178328
01112025_Activa,Activa,28-10-2025 00:00,31-10-2025 00:00,01-11-2025 00:00,2001.0,1.7,1177.0588235294117,Panel online,No Probabilistico estratificado,Johannes Kaiser,12.2,14.9,n_effective NO reportado,14.336075205640423,"14,34%",-1.787652687,31-10-2025 00:00,14-11-2025 23:00,14.958,0.032,34.308,1.083,-0.115,-1.673,-1.811,0.355,12.165,-21.747,132.37,-212.624,15.773,-29.33,116.597,-183.295,-1.572,-0.216,-2.623,1.0,12.16489548,-2.622905018
01112025_Activa,Activa,28-10-2025 00:00,31-10-2025 00:00,01-11-2025 00:00,2001.0,1.7,1177.0588235294117,Panel online,No Probabilistico estratificado,Evelyn Matthei,11.2,14.9,n_effective NO reportado,13.160987074030551,"13,16%",-1.88679905,31-10-2025 00:00,15-11-2025 23:00,15.958,0.025,34.308,0.859,-0.052,-1.835,-1.577,0.355,12.165,-22.953,132.37,-229.083,15.773,-29.093,116.597,-199.99,-1.715,-0.172,-2.087,1.0,12.16489548,-2.087109693
01112025_Activa,Activa,28-10-2025 00:00,31-10-2025 00:00,01-11-2025 00:00,2001.0,1.7,1177.0588235294117,Panel online,No Probabilistico estratificado,Franco Parisi,14.0,14.9,n_effective NO reportado,16.451233842538187,"16,45%",-1.625030007,31-10-2025 00:00,16-11-2025 23:00,16.958,0.02,34.308,0.682,0.24,-1.865,-1.272,0.355,12.165,-19.768,132.37,-294.046,15.773,-26.714,116.597,-267.331,-2.293,0.668,8.123,1.0,12.16489548,8.123218476
01112025_Activa,Activa,28-10-2025 00:00,31-10-2025 00:00,01-11-2025 00:00,2001.0,1.7,1177.0588235294117,Panel online,No Probabilistico estratificado,Eduardo Artés,0.6,14.9,n_effective NO reportado,0.7050528789659224,"0,71%",-4.947577158,31-10-2025 00:00,17-11-2025 23:00,17.958,0.016,34.308,0.541,-0.143,-4.805,-2.601,0.355,12.165,-60.187,132.37,-612.037,15.773,-77.89,116.597,-534.147,-4.581,-0.366,-4.458,1.0,12.16489548,-4.457517829
01112025_Activa,Activa,28-10-2025 00:00,31-10-2025 00:00,01-11-2025 00:00,2001.0,1.7,1177.0588235294117,Panel online,No Probabilistico estratificado,Harold Mayne-Nicholls,3.4,14.9,n_effective NO reportado,3.9952996474735603,"4,00%",-3.17927857,31-10-2025 00:00,18-11-2025 23:00,18.958,0.013,34.308,0.43,0.136,-3.315,-1.424,0.355,12.165,-38.676,132.37,-474.201,15.773,-51.792,116.597,-422.41,-3.623,0.444,5.396,1.0,12.16489548,5.395760614
01112025_Activa,Activa,28-10-2025 00:00,31-10-2025 00:00,01-11-2025 00:00,2001.0,1.7,1177.0588235294117,Panel online,No Probabilistico estratificado,Marco Enríquez-Ominami,1.9,14.9,n_effective NO reportado,2.232667450058754,"2,23%",-3.779393462,31-10-2025 00:00,19-11-2025 23:00,19.958,0.01,34.308,0.341,0.333,-4.113,-1.402,0.355,12.165,-45.976,132.37,-581.952,15.773,-57.764,116.597,-524.188,-4.496,0.716,8.714,1.0,12.16489548,8.714317982
06102025_Datarev,Datarev,22-09-2025 00:00,23-09-2025 00:00,06-10-2025 00:00,3538.0,1.3,2721.5384615384614,CATI,No Probabilistico estratificado,Jeannette Jara,31.0,10.0,n_effective reportado,34.44444444444445,"34,44%",-0.643550239,23-09-2025 00:00,14-11-2025 23:00,52.958,0.0,32.955,0.0,0.069,-0.713,0.0,0.025,0.839,-0.54,132.37,-102.32,32.097,-20.619,100.273,-81.701,-0.815,0.171,0.144,1.0,0.838900063,0.143653018
06102025_Datarev,Datarev,22-09-2025 00:00,23-09-2025 00:00,06-10-2025 00:00,3538.0,1.3,2721.5384615384614,CATI,No Probabilistico estratificado,José Antonio Kast,21.0,10.0,n_effective reportado,23.333333333333336,"23,33%",-1.189584067,23-09-2025 00:00,14-11-2025 23:00,52.958,0.0,32.955,0.0,-0.04,-1.15,0.0,0.025,0.839,-0.998,132.37,-177.33,32.097,-45.435,100.273,-131.895,-1.315,0.126,0.106,1.0,0.838900063,0.105514028
06102025_Datarev,Datarev,22-09-2025 00:00,23-09-2025 00:00,06-10-2025 00:00,3538.0,1.3,2721.5384615384614,CATI,No Probabilistico estratificado,Johannes Kaiser,11.0,10.0,n_effective reportado,12.222222222222223,"12,22%",-1.97155258,23-09-2025 00:00,14-11-2025 23:00,52.958,0.0,32.955,0.0,0.082,-2.054,0.0,0.025,0.839,-1.654,132.37,-212.624,32.097,-46.544,100.273,-166.08,-1.656,-0.315,-0.264,1.0,0.838900063,-0.264481927
06102025_Datarev,Datarev,22-09-2025 00:00,23-09-2025 00:00,06-10-2025 00:00,3538.0,1.3,2721.5384615384614,CATI,No Probabilistico estratificado,Evelyn Matthei,14.0,10.0,n_effective reportado,15.555555555555559,"15,56%",-1.691676011,23-09-2025 00:00,14-11-2025 23:00,52.958,0.0,32.955,0.0,-0.042,-1.65,0.0,0.025,0.839,-1.419,132.37,-229.083,32.097,-58.102,100.273,-170.982,-1.705,0.013,0.011,1.0,0.838900063,0.011312008
06102025_Datarev,Datarev,22-09-2025 00:00,23-09-2025 00:00,06-10-2025 00:00,3538.0,1.3,2721.5384615384614,CATI,No Probabilistico estratificado,Franco Parisi,10.0,10.0,n_effective reportado,11.111111111111112,"11,11%",-2.079441542,23-09-2025 00:00,14-11-2025 23:00,52.958,0.0,32.955,0.0,-0.103,-1.977,0.0,0.025,0.839,-1.744,132.37,-294.046,32.097,-77.53,100.273,-216.516,-2.159,0.08,0.067,1.0,0.838900063,0.066959576
06102025_Datarev,Datarev,22-09-2025 00:00,23-09-2025 00:00,06-10-2025 00:00,3538.0,1.3,2721.5384615384614,CATI,No Probabilistico estratificado,Eduardo Artés,1.0,10.0,n_effective reportado,1.1111111111111114,"1,11%",-4.48863637,23-09-2025 00:00,14-11-2025 23:00,52.958,0.0,32.955,0.0,0.317,-4.805,-0.001,0.025,0.839,-3.766,132.37,-612.037,32.097,-129.154,100.273,-482.884,-4.816,0.327,0.274,1.0,0.838900063,0.274363155
06102025_Datarev,Datarev,22-09-2025 00:00,23-09-2025 00:00,06-10-2025 00:00,3538.0,1.3,2721.5384615384614,CATI,No Probabilistico estratificado,Harold Mayne-Nicholls,1.0,10.0,n_effective reportado,1.1111111111111114,"1,11%",-4.48863637,23-09-2025 00:00,14-11-2025 23:00,52.958,0.0,32.955,0.0,-0.281,-4.208,-0.001,0.025,0.839,-3.766,132.37,-474.201,32.097,-132.038,100.273,-342.164,-3.412,-1.076,-0.903,1.0,0.838900063,-0.902921549
06102025_Datarev,Datarev,22-09-2025 00:00,23-09-2025 00:00,06-10-2025 00:00,3538.0,1.3,2721.5384615384614,CATI,No Probabilistico estratificado,Marco Enríquez-Ominami,1.0,10.0,n_effective reportado,1.1111111111111114,"1,11%",-4.48863637,23-09-2025 00:00,14-11-2025 23:00,52.958,0.0,32.955,0.0,0.039,-4.528,-0.001,0.025,0.839,-3.766,132.37,-581.952,32.097,-138.717,100.273,-443.235,-4.42,-0.068,-0.057,1.0,0.838900063,-0.05734209
13112025_Datarev,Datarev,12-11-2025 12:00,12-11-2025 18:00,13-11-2025 00:00,5569.0,1.3,4283.846153846153,CATI,Probabilistico estratificado,Jeannette Jara,33.53,2.73,n_effective reportado,34.4710599362599,"34,47%",-0.642371749,12-11-2025 18:00,14-11-2025 23:00,2.208,0.6,36.428,21.87,0.069,-0.711,-15.557,0.858,31.258,-20.079,132.37,-102.32,32.097,-20.619,100.273,-81.701,-0.815,0.172,5.389,1.0,31.25777092,5.389409173
13112025_Datarev,Datarev,12-11-2025 12:00,12-11-2025 18:00,13-11-2025 00:00,5569.0,1.3,4283.846153846153,CATI,Probabilistico estratificado,José Antonio Kast,18.91,2.73,n_effective reportado,19.440731983139713,"19,44%",-1.42162271,12-11-2025 18:00,14-11-2025 23:00,2.208,0.6,36.428,21.87,-0.04,-1.382,-30.214,0.858,31.258,-44.437,132.37,-177.33,32.097,-45.435,100.273,-131.895,-1.315,-0.106,-3.322,1.0,31.25777092,-3.321513479
13112025_Datarev,Datarev,12-11-2025 12:00,12-11-2025 18:00,13-11-2025 00:00,5569.0,1.3,4283.846153846153,CATI,Probabilistico estratificado,Johannes Kaiser,18.69,2.73,n_effective reportado,19.214557417497687,"19,21%",-1.436128593,12-11-2025 18:00,14-11-2025 23:00,2.208,0.6,36.428,21.87,0.082,-1.519,-33.211,0.858,31.258,-44.89,132.37,-212.624,32.097,-46.544,100.273,-166.08,-1.656,0.22,6.881,1.0,31.25777092,6.881451937
13112025_Datarev,Datarev,12-11-2025 12:00,12-11-2025 18:00,13-11-2025 00:00,5569.0,1.3,4283.846153846153,CATI,Probabilistico estratificado,Evelyn Matthei,13.64,2.73,n_effective reportado,14.022823069805696,"14,02%",-1.813395655,12-11-2025 18:00,14-11-2025 23:00,2.208,0.6,36.428,21.87,-0.042,-1.771,-38.74,0.858,31.258,-56.683,132.37,-229.083,32.097,-58.102,100.273,-170.982,-1.705,-0.108,-3.383,1.0,31.25777092,-3.383194569
13112025_Datarev,Datarev,12-11-2025 12:00,12-11-2025 18:00,13-11-2025 00:00,5569.0,1.3,4283.846153846153,CATI,Probabilistico estratificado,Franco Parisi,7.91,2.73,n_effective reportado,8.132003701038345,"8,13%",-2.424545373,12-11-2025 18:00,14-11-2025 23:00,2.208,0.6,36.428,21.87,-0.103,-2.322,-50.782,0.858,31.258,-75.786,132.37,-294.046,32.097,-77.53,100.273,-216.516,-2.159,-0.265,-8.292,1.0,31.25777092,-8.292234385
13112025_Datarev,Datarev,12-11-2025 12:00,12-11-2025 18:00,13-11-2025 00:00,5569.0,1.3,4283.846153846153,CATI,Probabilistico estratificado,Eduardo Artés,1.73,2.73,n_effective reportado,1.778554538912306,"1,78%",-4.011423599,12-11-2025 18:00,14-11-2025 23:00,2.208,0.6,36.428,21.87,0.317,-4.328,-94.655,0.858,31.258,-125.388,132.37,-612.037,32.097,-129.154,100.273,-482.884,-4.816,0.804,25.139,1.0,31.25777092,25.13949455
13112025_Datarev,Datarev,12-11-2025 12:00,12-11-2025 18:00,13-11-2025 00:00,5569.0,1.3,4283.846153846153,CATI,Probabilistico estratificado,Harold Mayne-Nicholls,1.58,2.73,n_effective reportado,1.6243446077927417,"1,62%",-4.103688953,12-11-2025 18:00,14-11-2025 23:00,2.208,0.6,36.428,21.87,-0.281,-3.823,-83.611,0.858,31.258,-128.272,132.37,-474.201,32.097,-132.038,100.273,-342.164,-3.412,-0.691,-21.611,1.0,31.25777092,-21.61064035
13112025_Datarev,Datarev,12-11-2025 12:00,12-11-2025 18:00,13-11-2025 00:00,5569.0,1.3,4283.846153846153,CATI,Probabilistico estratificado,Marco Enríquez-Ominami,1.28,2.73,n_effective reportado,1.3159247455536134,"1,32%",-4.317383941,12-11-2025 18:00,14-11-2025 23:00,2.208,0.6,36.428,21.87,0.039,-4.357,-95.281,0.858,31.258,-134.952,132.37,-581.952,32.097,-138.717,100.273,-443.235,-4.42,0.103,3.216,1.0,31.25777092,3.216378669
14112025_LCN,LCN,03-11-2025 00:00,11-11-2025 00:00,14-11-2025 00:00,600.0,1.7,352.94117647058823,Online,No probabilistico,Jeannette Jara,33.6,0.0,"n_effective NO reportado, NO reporta indecisos_pct",33.599999999999994,"33,60%",-0.68117099,11-11-2025 00:00,23-01-2026 23:00,73.958,0.0,18.787,0.0,0.06,-0.741,0.0,0.76,14.279,-9.726,132.37,-102.32,21.602,-14.537,110.767,-87.784,-0.793,0.111,1.59,1.0,14.27885745,1.589724957
14112025_LCN,LCN,03-11-2025 00:00,11-11-2025 00:00,14-11-2025 00:00,600.0,1.7,352.94117647058823,Online,No probabilistico,José Antonio Kast,20.3,0.0,"n_effective NO reportado, NO reporta indecisos_pct",20.299999999999997,"20,30%",-1.3676487,11-11-2025 00:00,24-01-2026 23:00,74.958,0.0,18.787,0.0,-0.041,-1.327,0.0,0.76,14.279,-19.528,132.37,-177.33,21.602,-30.413,110.767,-146.917,-1.326,-0.041,-0.59,1.0,14.27885745,-0.589583626
14112025_LCN,LCN,03-11-2025 00:00,11-11-2025 00:00,14-11-2025 00:00,600.0,1.7,352.94117647058823,Online,No probabilistico,Johannes Kaiser,20.0,0.0,"n_effective NO reportado, NO reporta indecisos_pct",20.0,"20,00%",-1.386294361,11-11-2025 00:00,25-01-2026 23:00,75.958,0.0,18.787,0.0,0.113,-1.499,0.0,0.76,14.279,-19.795,132.37,-212.624,21.602,-30.61,110.767,-182.015,-1.643,0.257,3.669,1.0,14.27885745,3.668588031
14112025_LCN,LCN,03-11-2025 00:00,11-11-2025 00:00,14-11-2025 00:00,600.0,1.7,352.94117647058823,Online,No probabilistico,Evelyn Matthei,16.2,0.0,"n_effective NO reportado, NO reporta indecisos_pct",16.2,"16,20%",-1.643421765,11-11-2025 00:00,26-01-2026 23:00,76.958,0.0,18.787,0.0,0.092,-1.735,0.0,0.76,14.279,-23.466,132.37,-229.083,21.602,-34.069,110.767,-195.014,-1.761,0.117,1.673,1.0,14.27885745,1.672880299
14112025_LCN,LCN,03-11-2025 00:00,11-11-2025 00:00,14-11-2025 00:00,600.0,1.7,352.94117647058823,Online,No probabilistico,Franco Parisi,5.5,0.0,"n_effective NO reportado, NO reporta indecisos_pct",5.499999999999999,"5,50%",-2.843851742,11-11-2025 00:00,27-01-2026 23:00,77.958,0.0,18.787,0.0,-0.451,-2.392,0.0,0.76,14.279,-40.607,132.37,-294.046,21.602,-64.309,110.767,-229.737,-2.074,-0.77,-10.992,1.0,14.27885745,-10.99180971
14112025_LCN,LCN,03-11-2025 00:00,11-11-2025 00:00,14-11-2025 00:00,600.0,1.7,352.94117647058823,Online,No probabilistico,Eduardo Artés,0.5,0.0,"n_effective NO reportado, NO reporta indecisos_pct",0.49999999999999994,"0,50%",-5.293304825,11-11-2025 00:00,28-01-2026 23:00,78.958,0.0,18.787,0.0,-0.186,-5.107,0.0,0.76,14.279,-75.582,132.37,-612.037,21.602,-85.061,110.767,-526.976,-4.758,-0.536,-7.65,1.0,14.27885745,-7.650482932
14112025_LCN,LCN,03-11-2025 00:00,11-11-2025 00:00,14-11-2025 00:00,600.0,1.7,352.94117647058823,Online,No probabilistico,Harold Mayne-Nicholls,3.2,0.0,"n_effective NO reportado, NO reporta indecisos_pct",3.2,"3,20%",-3.409496184,11-11-2025 00:00,29-01-2026 23:00,79.958,0.0,18.787,0.0,0.17,-3.58,0.0,0.76,14.279,-48.684,132.37,-474.201,21.602,-71.228,110.767,-402.973,-3.638,0.229,3.263,1.0,14.27885745,3.263084187
14112025_LCN,LCN,03-11-2025 00:00,11-11-2025 00:00,14-11-2025 00:00,600.0,1.7,352.94117647058823,Online,No probabilistico,Marco Enríquez-Ominami,0.7,0.0,"n_effective NO reportado, NO reporta indecisos_pct",0.6999999999999998,"0,70%",-4.954820515,11-11-2025 00:00,30-01-2026 23:00,80.958,0.0,18.787,0.0,-0.334,-4.621,0.0,0.76,14.279,-70.749,132.37,-581.952,21.602,-107.036,110.767,-474.916,-4.288,-0.667,-9.528,1.0,14.27885745,-9.528374662
15102025_LCN,LCN,03-10-2025 00:00,13-10-2025 00:00,15-10-2025 00:00,600.0,1.7,352.94117647058823,Online,No probabilistico,Jeannette Jara,36.0,0.0,"n_effective NO reportado, NO reporta indecisos_pct",35.964035964035965,"36,00%",-0.575364145,13-10-2025 00:00,07-01-2026 23:00,86.958,0.0,18.787,0.0,0.06,-0.635,0.0,0.102,1.913,-1.101,132.37,-102.32,21.602,-14.537,110.767,-87.784,-0.793,0.217,0.415,1.0,1.912962561,0.41538266
15102025_LCN,LCN,03-10-2025 00:00,13-10-2025 00:00,15-10-2025 00:00,600.0,1.7,352.94117647058823,Online,No probabilistico,José Antonio Kast,20.7,0.0,"n_effective NO reportado, NO reporta indecisos_pct",20.679320679320675,"20,70%",-1.343104428,13-10-2025 00:00,08-01-2026 23:00,87.958,0.0,18.787,0.0,-0.041,-1.302,0.0,0.102,1.913,-2.569,132.37,-177.33,21.602,-30.413,110.767,-146.917,-1.326,-0.017,-0.032,1.0,1.912962561,-0.032035238
15102025_LCN,LCN,03-10-2025 00:00,13-10-2025 00:00,15-10-2025 00:00,600.0,1.7,352.94117647058823,Online,No probabilistico,Johannes Kaiser,16.7,0.0,"n_effective NO reportado, NO reporta indecisos_pct",16.683316683316683,"16,70%",-1.60703983,13-10-2025 00:00,09-01-2026 23:00,88.958,0.0,18.787,0.0,0.113,-1.72,0.0,0.102,1.913,-3.074,132.37,-212.624,21.602,-30.61,110.767,-182.015,-1.643,0.036,0.069,1.0,1.912962561,0.069209095
15102025_LCN,LCN,03-10-2025 00:00,13-10-2025 00:00,15-10-2025 00:00,600.0,1.7,352.94117647058823,Online,No probabilistico,Evelyn Matthei,18.3,0.0,"n_effective NO reportado, NO reporta indecisos_pct",18.28171828171828,"18,30%",-1.496152942,13-10-2025 00:00,10-01-2026 23:00,89.958,0.0,18.787,0.0,0.092,-1.588,0.0,0.102,1.913,-2.862,132.37,-229.083,21.602,-34.069,110.767,-195.014,-1.761,0.264,0.506,1.0,1.912962561,0.505838334
15102025_LCN,LCN,03-10-2025 00:00,13-10-2025 00:00,15-10-2025 00:00,600.0,1.7,352.94117647058823,Online,No probabilistico,Franco Parisi,2.3,0.0,"n_effective NO reportado, NO reporta indecisos_pct",2.297702297702297,"2,30%",-3.748992436,13-10-2025 00:00,11-01-2026 23:00,90.958,0.0,18.787,0.0,-0.451,-3.298,0.0,0.102,1.913,-7.172,132.37,-294.046,21.602,-64.309,110.767,-229.737,-2.074,-1.675,-3.204,1.0,1.912962561,-3.204091504
15102025_LCN,LCN,03-10-2025 00:00,13-10-2025 00:00,15-10-2025 00:00,600.0,1.7,352.94117647058823,Online,No probabilistico,Eduardo Artés,0.7,0.0,"n_effective NO reportado, NO reporta indecisos_pct",0.6993006993006992,"0,70%",-4.954820515,13-10-2025 00:00,12-01-2026 23:00,91.958,0.0,18.787,0.0,-0.186,-4.769,0.0,0.102,1.913,-9.478,132.37,-612.037,21.602,-85.061,110.767,-526.976,-4.758,-0.197,-0.377,1.0,1.912962561,-0.377440261
15102025_LCN,LCN,03-10-2025 00:00,13-10-2025 00:00,15-10-2025 00:00,600.0,1.7,352.94117647058823,Online,No probabilistico,Harold Mayne-Nicholls,4.7,0.0,"n_effective NO reportado, NO reporta indecisos_pct",4.695304695304695,"4,70%",-3.009467302,13-10-2025 00:00,13-01-2026 23:00,92.958,0.0,18.787,0.0,0.17,-3.18,0.0,0.102,1.913,-5.757,132.37,-474.201,21.602,-71.228,110.767,-402.973,-3.638,0.629,1.202,1.0,1.912962561,1.202401155
15102025_LCN,LCN,03-10-2025 00:00,13-10-2025 00:00,15-10-2025 00:00,600.0,1.7,352.94117647058823,Online,No probabilistico,Marco Enríquez-Ominami,0.7,0.0,"n_effective NO reportado, NO reporta indecisos_pct",0.6993006993006992,"0,70%",-4.954820515,13-10-2025 00:00,14-01-2026 23:00,93.958,0.0,18.787,0.0,-0.334,-4.621,0.0,0.102,1.913,-9.478,132.37,-581.952,21.602,-107.036,110.767,-474.916,-4.288,-0.667,-1.277,1.0,1.912962561,-1.276532388
19102025_Activa,Activa,15-10-2025 00:00,17-10-2025 00:00,19-10-2025 00:00,1226.0,1.7,721.1764705882354,Panel online,No Probabilistico estratificado,Jeannette Jara,25.4,18.3,n_effective NO reportado,31.089351285189714,"31,09%",-0.795945361,17-10-2025 00:00,20-11-2025 23:00,34.958,0.0,26.855,0.008,-0.041,-0.755,-0.006,0.134,3.608,-2.872,132.37,-102.32,15.773,-13.611,116.597,-88.709,-0.761,-0.035,-0.127,1.0,3.608179034,-0.126730609
19102025_Activa,Activa,15-10-2025 00:00,17-10-2025 00:00,19-10-2025 00:00,1226.0,1.7,721.1764705882354,Panel online,No Probabilistico estratificado,José Antonio Kast,18.7,18.3,n_effective NO reportado,22.888616891064867,"22,89%",-1.214611203,17-10-2025 00:00,21-11-2025 23:00,35.958,0.0,26.855,0.007,-0.006,-1.208,-0.008,0.134,3.608,-4.383,132.37,-177.33,15.773,-21.354,116.597,-155.976,-1.338,0.123,0.444,1.0,3.608179034,0.444263774
19102025_Activa,Activa,15-10-2025 00:00,17-10-2025 00:00,19-10-2025 00:00,1226.0,1.7,721.1764705882354,Panel online,No Probabilistico estratificado,Johannes Kaiser,8.9,18.3,n_effective NO reportado,10.893512851897183,"10,89%",-2.101664678,17-10-2025 00:00,22-11-2025 23:00,36.958,0.0,26.855,0.005,-0.115,-1.987,-0.01,0.134,3.608,-7.583,132.37,-212.624,15.773,-29.33,116.597,-183.295,-1.572,-0.53,-1.911,1.0,3.608179034,-1.910980427
19102025_Activa,Activa,15-10-2025 00:00,17-10-2025 00:00,19-10-2025 00:00,1226.0,1.7,721.1764705882354,Panel online,No Probabilistico estratificado,Evelyn Matthei,12.6,18.3,n_effective NO reportado,15.422276621787024,"15,42%",-1.701857917,17-10-2025 00:00,23-11-2025 23:00,37.958,0.0,26.855,0.004,-0.052,-1.65,-0.007,0.134,3.608,-6.141,132.37,-229.083,15.773,-29.093,116.597,-199.99,-1.715,0.013,0.048,1.0,3.608179034,0.048251796
19102025_Activa,Activa,15-10-2025 00:00,17-10-2025 00:00,19-10-2025 00:00,1226.0,1.7,721.1764705882354,Panel online,No Probabilistico estratificado,Franco Parisi,10.4,18.3,n_effective NO reportado,12.729498164014686,"12,73%",-1.925090521,17-10-2025 00:00,24-11-2025 23:00,38.958,0.0,26.855,0.003,0.24,-2.165,-0.007,0.134,3.608,-6.946,132.37,-294.046,15.773,-26.714,116.597,-267.331,-2.293,0.368,1.327,1.0,3.608179034,1.326721979
19102025_Activa,Activa,15-10-2025 00:00,17-10-2025 00:00,19-10-2025 00:00,1226.0,1.7,721.1764705882354,Panel online,No Probabilistico estratificado,Eduardo Artés,0.6,18.3,n_effective NO reportado,0.7343941248470011,"0,73%",-4.906508585,17-10-2025 00:00,25-11-2025 23:00,39.958,0.0,26.855,0.003,-0.143,-4.764,-0.013,0.134,3.608,-17.704,132.37,-612.037,15.773,-77.89,116.597,-534.147,-4.581,-0.325,-1.174,1.0,3.608179034,-1.173943052
19102025_Activa,Activa,15-10-2025 00:00,17-10-2025 00:00,19-10-2025 00:00,1226.0,1.7,721.1764705882354,Panel online,No Probabilistico estratificado,Harold Mayne-Nicholls,2.1,18.3,n_effective NO reportado,2.5703794369645037,"2,57%",-3.635076748,17-10-2025 00:00,26-11-2025 23:00,40.958,0.0,26.855,0.002,0.136,-3.771,-0.008,0.134,3.608,-13.116,132.37,-474.201,15.773,-51.792,116.597,-422.41,-3.623,-0.012,-0.044,1.0,3.608179034,-0.044187323
19102025_Activa,Activa,15-10-2025 00:00,17-10-2025 00:00,19-10-2025 00:00,1226.0,1.7,721.1764705882354,Panel online,No Probabilistico estratificado,Marco Enríquez-Ominami,3.0,18.3,n_effective NO reportado,3.6719706242350054,"3,67%",-3.267030867,17-10-2025 00:00,27-11-2025 23:00,41.958,0.0,26.855,0.002,0.333,-3.6,-0.006,0.134,3.608,-11.788,132.37,-581.952,15.773,-57.764,116.597,-524.188,-4.496,1.229,4.433,1.0,3.608179034,4.433413572
24102025_UDD,UDD,22-10-2025 15:00,24-10-2025 10:00,24-10-2025 00:00,1891.0,1.1,1719.090909090909,Online,Probabilistico estratificado,Jeannette Jara,25.0,9.0,n_effective NO reportado,27.47252747252747,"27,47%",-0.970778917,24-10-2025 10:00,30-12-2025 23:00,67.542,0.0,41.462,0.0,-0.077,-0.894,0.0,0.225,9.315,-9.043,132.37,-102.32,28.395,-26.23,103.974,-76.09,-0.732,-0.239,-2.226,1.0,9.31495239,-2.225909171
24102025_UDD,UDD,22-10-2025 15:00,24-10-2025 10:00,24-10-2025 00:00,1891.0,1.1,1719.090909090909,Online,Probabilistico estratificado,José Antonio Kast,22.0,9.0,n_effective NO reportado,24.175824175824175,"24,18%",-1.143064051,24-10-2025 10:00,31-12-2025 23:00,68.542,0.0,41.462,0.0,0.084,-1.227,0.0,0.225,9.315,-10.648,132.37,-177.33,28.395,-33.345,103.974,-143.984,-1.385,0.242,2.252,1.0,9.31495239,2.25184036
24102025_UDD,UDD,22-10-2025 15:00,24-10-2025 10:00,24-10-2025 00:00,1891.0,1.1,1719.090909090909,Online,Probabilistico estratificado,Johannes Kaiser,13.0,9.0,n_effective NO reportado,14.285714285714288,"14,29%",-1.791759469,24-10-2025 10:00,01-01-2026 23:00,69.542,0.0,41.462,0.0,-0.06,-1.732,0.0,0.225,9.315,-16.69,132.37,-212.624,28.395,-48.968,103.974,-163.656,-1.574,-0.218,-2.028,1.0,9.31495239,-2.02835478
24102025_UDD,UDD,22-10-2025 15:00,24-10-2025 10:00,24-10-2025 00:00,1891.0,1.1,1719.090909090909,Online,Probabilistico estratificado,Evelyn Matthei,16.0,9.0,n_effective NO reportado,17.582417582417584,"17,58%",-1.544899391,24-10-2025 10:00,02-01-2026 23:00,70.542,0.0,41.462,0.0,0.044,-1.589,0.0,0.225,9.315,-14.391,132.37,-229.083,28.395,-46.669,103.974,-182.415,-1.754,0.21,1.952,1.0,9.31495239,1.951697397
24102025_UDD,UDD,22-10-2025 15:00,24-10-2025 10:00,24-10-2025 00:00,1891.0,1.1,1719.090909090909,Online,Probabilistico estratificado,Franco Parisi,11.0,9.0,n_effective NO reportado,12.087912087912088,"12,09%",-1.984131362,24-10-2025 10:00,03-01-2026 23:00,71.542,0.0,41.462,0.0,0.088,-2.072,0.0,0.225,9.315,-18.482,132.37,-294.046,28.395,-58.159,103.974,-235.887,-2.269,0.285,2.651,1.0,9.31495239,2.650796743
24102025_UDD,UDD,22-10-2025 15:00,24-10-2025 10:00,24-10-2025 00:00,1891.0,1.1,1719.090909090909,Online,Probabilistico estratificado,Eduardo Artés,1.0,9.0,n_effective NO reportado,1.098901098901099,"1,10%",-4.49980967,24-10-2025 10:00,04-01-2026 23:00,72.542,0.0,41.462,0.0,0.067,-4.567,0.0,0.225,9.315,-41.916,132.37,-612.037,28.395,-127.561,103.974,-484.476,-4.66,0.16,1.488,1.0,9.31495239,1.488250432
24102025_UDD,UDD,22-10-2025 15:00,24-10-2025 10:00,24-10-2025 00:00,1891.0,1.1,1719.090909090909,Online,Probabilistico estratificado,Harold Mayne-Nicholls,2.0,9.0,n_effective NO reportado,2.197802197802198,"2,20%",-3.795489189,24-10-2025 10:00,05-01-2026 23:00,73.542,0.0,41.462,0.0,0.038,-3.833,0.0,0.225,9.315,-35.355,132.37,-474.201,28.395,-99.604,103.974,-374.597,-3.603,-0.193,-1.795,1.0,9.31495239,-1.795027621
24102025_UDD,UDD,22-10-2025 15:00,24-10-2025 10:00,24-10-2025 00:00,1891.0,1.1,1719.090909090909,Online,Probabilistico estratificado,Marco Enríquez-Ominami,1.0,9.0,n_effective NO reportado,1.098901098901099,"1,10%",-4.49980967,24-10-2025 10:00,06-01-2026 23:00,74.542,0.0,41.462,0.0,-0.049,-4.451,0.0,0.225,9.315,-41.916,132.37,-581.952,28.395,-127.561,103.974,-454.392,-4.37,-0.13,-1.207,1.0,9.31495239,-1.207017964
26102025_Cadem,Cadem,15-10-2025 00:00,17-10-2025 00:00,26-10-2025 00:00,1239.0,1.3,953.0769230769231,CATI,Probabilistico estratificado,Jeannette Jara,26.0,9.0,n_effective NO reportado,28.571428571428577,"28,57%",-0.916290732,17-10-2025 00:00,14-12-2025 23:00,58.958,0.0,30.872,0.0,-0.048,-0.868,0.0,0.134,4.148,-3.801,132.37,-102.32,10.848,-9.583,121.522,-92.737,-0.763,-0.153,-0.635,1.0,4.147928688,-0.635286203
26102025_Cadem,Cadem,15-10-2025 00:00,17-10-2025 00:00,26-10-2025 00:00,1239.0,1.3,953.0769230769231,CATI,Probabilistico estratificado,José Antonio Kast,22.0,9.0,n_effective NO reportado,24.175824175824175,"24,18%",-1.143064051,17-10-2025 00:00,15-12-2025 23:00,59.958,0.0,30.872,0.0,0.052,-1.195,0.0,0.134,4.148,-4.741,132.37,-177.33,10.848,-13.23,121.522,-164.1,-1.35,0.207,0.86,1.0,4.147928688,0.859912908
26102025_Cadem,Cadem,15-10-2025 00:00,17-10-2025 00:00,26-10-2025 00:00,1239.0,1.3,953.0769230769231,CATI,Probabilistico estratificado,Johannes Kaiser,12.0,9.0,n_effective NO reportado,13.186813186813188,"13,19%",-1.884541203,17-10-2025 00:00,16-12-2025 23:00,60.958,0.0,30.872,0.0,-0.073,-1.812,0.0,0.134,4.148,-7.817,132.37,-212.624,10.848,-19.239,121.522,-193.385,-1.591,-0.293,-1.216,1.0,4.147928688,-1.216070851
26102025_Cadem,Cadem,15-10-2025 00:00,17-10-2025 00:00,26-10-2025 00:00,1239.0,1.3,953.0769230769231,CATI,Probabilistico estratificado,Evelyn Matthei,14.0,9.0,n_effective NO reportado,15.384615384615385,"15,38%",-1.704748092,17-10-2025 00:00,17-12-2025 23:00,61.958,0.0,30.872,0.0,-0.012,-1.693,0.0,0.134,4.148,-7.071,132.37,-229.083,10.848,-19.076,121.522,-210.007,-1.728,0.023,0.097,1.0,4.147928688,0.097056648
26102025_Cadem,Cadem,15-10-2025 00:00,17-10-2025 00:00,26-10-2025 00:00,1239.0,1.3,953.0769230769231,CATI,Probabilistico estratificado,Franco Parisi,11.0,9.0,n_effective NO reportado,12.087912087912088,"12,09%",-1.984131362,17-10-2025 00:00,18-12-2025 23:00,62.958,0.0,30.872,0.0,0.103,-2.088,0.0,0.134,4.148,-8.23,132.37,-294.046,10.848,-21.524,121.522,-272.522,-2.243,0.258,1.072,1.0,4.147928688,1.072022513
26102025_Cadem,Cadem,15-10-2025 00:00,17-10-2025 00:00,26-10-2025 00:00,1239.0,1.3,953.0769230769231,CATI,Probabilistico estratificado,Eduardo Artés,1.0,9.0,n_effective NO reportado,1.098901098901099,"1,10%",-4.49980967,17-10-2025 00:00,19-12-2025 23:00,63.958,0.0,30.872,0.0,0.054,-4.554,0.0,0.134,4.148,-18.665,132.37,-612.037,10.848,-48.814,121.522,-563.223,-4.635,0.135,0.56,1.0,4.147928688,0.559743961
26102025_Cadem,Cadem,15-10-2025 00:00,17-10-2025 00:00,26-10-2025 00:00,1239.0,1.3,953.0769230769231,CATI,Probabilistico estratificado,Harold Mayne-Nicholls,4.0,9.0,n_effective NO reportado,4.395604395604396,"4,40%",-3.079613758,17-10-2025 00:00,20-12-2025 23:00,64.958,0.0,30.872,0.0,0.219,-3.299,0.0,0.134,4.148,-12.774,132.37,-474.201,10.848,-33.408,121.522,-440.793,-3.627,0.548,2.272,1.0,4.147928688,2.271699325
26102025_Cadem,Cadem,15-10-2025 00:00,17-10-2025 00:00,26-10-2025 00:00,1239.0,1.3,953.0769230769231,CATI,Probabilistico estratificado,Marco Enríquez-Ominami,1.0,9.0,n_effective NO reportado,1.098901098901099,"1,10%",-4.49980967,17-10-2025 00:00,21-12-2025 23:00,65.958,0.0,30.872,0.0,-0.045,-4.455,0.0,0.134,4.148,-18.665,132.37,-581.952,10.848,-48.814,121.522,-533.138,-4.387,-0.113,-0.467,1.0,4.147928688,-0.467148724
30102025_Criteria,Criteria,27-10-2025,29-10-2025,30-10-2025,1200.0,1.7,705.8823529411765,Online,No probabilístico,Jeannette Jara,27.0,6.0,Sobrescrito desde PDF oficial Criteria 30-oct-2025,28.421052631578945,,,,,,,,,,,,,,,,,,,,,,,,,,
30102025_Criteria,Criteria,27-10-2025,29-10-2025,30-10-2025,1200.0,1.7,705.8823529411765,Online,No probabilístico,José Antonio Kast,23.0,6.0,Sobrescrito desde PDF oficial Criteria 30-oct-2025,24.210526315789473,,,,,,,,,,,,,,,,,,,,,,,,,,
30102025_Criteria,Criteria,27-10-2025,29-10-2025,30-10-2025,1200.0,1.7,705.8823529411765,Online,No probabilístico,Johannes Kaiser,15.0,6.0,Sobrescrito desde PDF oficial Criteria 30-oct-2025,15.789473684210527,,,,,,,,,,,,,,,,,,,,,,,,,,
30102025_Criteria,Criteria,27-10-2025,29-10-2025,30-10-2025,1200.0,1.7,705.8823529411765,Online,No probabilístico,Evelyn Matthei,14.0,6.0,Sobrescrito desde PDF oficial Criteria 30-oct-2025,14.736842105263156,,,,,,,,,,,,,,,,,,,,,,,,,,
30102025_Criteria,Criteria,27-10-2025,29-10-2025,30-10-2025,1200.0,1.7,705.8823529411765,Online,No probabilístico,Franco Parisi,9.0,6.0,Sobrescrito desde PDF oficial Criteria 30-oct-2025,9.473684210526317,,,,,,,,,,,,,,,,,,,,,,,,,,
30102025_Criteria,Criteria,27-10-2025,29-10-2025,30-10-2025,1200.0,1.7,705.8823529411765,Online,No probabilístico,Harold Mayne-Nicholls,4.0,6.0,Sobrescrito desde PDF oficial Criteria 30-oct-2025,4.2105263157894735,,,,,,,,,,,,,,,,,,,,,,,,,,
30102025_Criteria,Criteria,27-10-2025,29-10-2025,30-10-2025,1200.0,1.7,705.8823529411765,Online,No probabilístico,Marco Enríquez-Ominami,2.0,6.0,Sobrescrito desde PDF oficial Criteria 30-oct-2025,2.1052631578947367,,,,,,,,,,,,,,,,,,,,,,,,,,
30102025_Criteria,Criteria,27-10-2025,29-10-2025,30-10-2025,1200.0,1.7,705.8823529411765,Online,No probabilístico,Eduardo Artés,1.0,6.0,Sobrescrito desde PDF oficial Criteria 30-oct-2025,1.0526315789473684,,,,,,,,,,,,,,,,,,,,,,,,,,
30102025_LCN,LCN,17-10-2025 00:00,28-10-2025 00:00,30-10-2025 00:00,600.0,1.7,352.94117647058823,Online,No probabilistico,Jeannette Jara,33.5,0.0,"n_effective NO reportado, NO reporta indecisos_pct",33.7361530715005,"33,50%",-0.685656509,28-10-2025 00:00,15-01-2026 23:00,79.958,0.0,18.787,0.0,0.06,-0.745,0.0,0.288,5.411,-3.71,132.37,-102.32,21.602,-14.537,110.767,-87.784,-0.793,0.107,0.578,1.0,5.410675196,0.578123425
30102025_LCN,LCN,17-10-2025 00:00,28-10-2025 00:00,30-10-2025 00:00,600.0,1.7,352.94117647058823,Online,No probabilistico,José Antonio Kast,17.7,0.0,"n_effective NO reportado, NO reporta indecisos_pct",17.824773413897276,"17,70%",-1.536806468,28-10-2025 00:00,16-01-2026 23:00,80.958,0.0,18.787,0.0,-0.041,-1.496,0.0,0.288,5.411,-8.315,132.37,-177.33,21.602,-30.413,110.767,-146.917,-1.326,-0.21,-1.139,1.0,5.410675196,-1.138668159
30102025_LCN,LCN,17-10-2025 00:00,28-10-2025 00:00,30-10-2025 00:00,600.0,1.7,352.94117647058823,Online,No probabilistico,Johannes Kaiser,19.3,0.0,"n_effective NO reportado, NO reporta indecisos_pct",19.43605236656596,"19,30%",-1.430633479,28-10-2025 00:00,17-01-2026 23:00,81.958,0.0,18.787,0.0,0.113,-1.544,0.0,0.288,5.411,-7.741,132.37,-212.624,21.602,-30.61,110.767,-182.015,-1.643,0.213,1.15,1.0,5.410675196,1.150230346
30102025_LCN,LCN,17-10-2025 00:00,28-10-2025 00:00,30-10-2025 00:00,600.0,1.7,352.94117647058823,Online,No probabilistico,Evelyn Matthei,19.3,0.0,"n_effective NO reportado, NO reporta indecisos_pct",19.43605236656596,"19,30%",-1.430633479,28-10-2025 00:00,18-01-2026 23:00,82.958,0.0,18.787,0.0,0.092,-1.522,0.0,0.288,5.411,-7.741,132.37,-229.083,21.602,-34.069,110.767,-195.014,-1.761,0.33,1.785,1.0,5.410675196,1.785231396
30102025_LCN,LCN,17-10-2025 00:00,28-10-2025 00:00,30-10-2025 00:00,600.0,1.7,352.94117647058823,Online,No probabilistico,Franco Parisi,4.5,0.0,"n_effective NO reportado, NO reporta indecisos_pct",4.531722054380665,"4,50%",-3.055048851,28-10-2025 00:00,19-01-2026 23:00,83.958,0.0,18.787,0.0,-0.451,-2.604,0.0,0.288,5.411,-16.53,132.37,-294.046,21.602,-64.309,110.767,-229.737,-2.074,-0.981,-5.308,1.0,5.410675196,-5.307835974
30102025_LCN,LCN,17-10-2025 00:00,28-10-2025 00:00,30-10-2025 00:00,600.0,1.7,352.94117647058823,Online,No probabilistico,Eduardo Artés,0.0,0.0,"n_effective NO reportado, NO reporta indecisos_pct",0.0,"0,00%",,28-10-2025 00:00,20-01-2026 23:00,84.958,0.0,18.787,0.0,-0.186,,,0.288,5.411,0.0,132.37,-612.037,21.602,-85.061,110.767,-526.976,-4.758,0.0,0.0,1.0,5.410675196,0.0
30102025_LCN,LCN,17-10-2025 00:00,28-10-2025 00:00,30-10-2025 00:00,600.0,1.7,352.94117647058823,Online,No probabilistico,Harold Mayne-Nicholls,4.3,0.0,"n_effective NO reportado, NO reporta indecisos_pct",4.330312185297079,"4,30%",-3.102603276,28-10-2025 00:00,21-01-2026 23:00,85.958,0.0,18.787,0.0,0.17,-3.273,0.0,0.288,5.411,-16.787,132.37,-474.201,21.602,-71.228,110.767,-402.973,-3.638,0.535,2.897,1.0,5.410675196,2.896975539
30102025_LCN,LCN,17-10-2025 00:00,28-10-2025 00:00,30-10-2025 00:00,600.0,1.7,352.94117647058823,Online,No probabilistico,Marco Enríquez-Ominami,0.7,0.0,"n_effective NO reportado, NO reporta indecisos_pct",0.7049345417925478,"0,70%",-4.954820515,28-10-2025 00:00,22-01-2026 23:00,86.958,0.0,18.787,0.0,-0.334,-4.621,0.0,0.288,5.411,-26.809,132.37,-581.952,21.602,-107.036,110.767,-474.916,-4.288,-0.667,-3.611,1.0,5.410675196,-3.610578832
31102025_Atlas,Atlas,25-10-2025 00:00,30-10-2025 00:00,31-10-2025 00:00,3709.0,1.7,2181.764705882353,Online,Random Digital Recruitment,Jeannette Jara,33.2,2.2,n_effective NO reportado,33.912155260469866,"33,95%",-0.665664535,30-10-2025 00:00,31-01-2026 23:00,93.958,0.0,46.709,0.0,0.03,-0.696,0.0,0.331,15.453,-10.286,132.37,-102.32,15.453,-10.286,116.917,-92.034,-0.787,0.122,1.878,1.0,15.45290927,1.877691874
31102025_Atlas,Atlas,25-10-2025 00:00,30-10-2025 00:00,31-10-2025 00:00,3709.0,1.7,2181.764705882353,Online,Random Digital Recruitment,José Antonio Kast,16.8,2.2,n_effective NO reportado,17.160367722165475,"17,18%",-1.573070268,30-10-2025 00:00,01-02-2026 23:00,94.958,0.0,46.709,0.0,-0.066,-1.507,0.0,0.331,15.453,-24.309,132.37,-177.33,15.453,-24.309,116.917,-153.021,-1.309,-0.264,-4.084,1.0,15.45290927,-4.08365285
31102025_Atlas,Atlas,25-10-2025 00:00,30-10-2025 00:00,31-10-2025 00:00,3709.0,1.7,2181.764705882353,Online,Random Digital Recruitment,Johannes Kaiser,16.8,2.2,n_effective NO reportado,17.160367722165475,"17,18%",-1.573070268,30-10-2025 00:00,02-02-2026 23:00,95.958,0.0,46.709,0.0,0.009,-1.582,0.0,0.331,15.453,-24.309,132.37,-212.624,15.453,-24.309,116.917,-188.316,-1.611,0.038,0.581,1.0,15.45290927,0.581220586
31102025_Atlas,Atlas,25-10-2025 00:00,30-10-2025 00:00,31-10-2025 00:00,3709.0,1.7,2181.764705882353,Online,Random Digital Recruitment,Evelyn Matthei,13.9,2.2,n_effective NO reportado,14.198161389172625,"14,21%",-1.797736773,30-10-2025 00:00,03-02-2026 23:00,96.958,0.0,46.709,0.0,-0.019,-1.779,0.0,0.331,15.453,-27.78,132.37,-229.083,15.453,-27.78,116.917,-201.303,-1.722,-0.076,-1.174,1.0,15.45290927,-1.173992275
31102025_Atlas,Atlas,25-10-2025 00:00,30-10-2025 00:00,31-10-2025 00:00,3709.0,1.7,2181.764705882353,Online,Random Digital Recruitment,Franco Parisi,14.2,2.2,n_effective NO reportado,14.504596527068436,"14,52%",-1.772801555,30-10-2025 00:00,04-02-2026 23:00,97.958,0.0,46.709,0.0,0.127,-1.9,0.0,0.331,15.453,-27.395,132.37,-294.046,15.453,-27.395,116.917,-266.651,-2.281,0.508,7.848,1.0,15.45290927,7.848348218
31102025_Atlas,Atlas,25-10-2025 00:00,30-10-2025 00:00,31-10-2025 00:00,3709.0,1.7,2181.764705882353,Online,Random Digital Recruitment,Eduardo Artés,0.1,2.2,n_effective NO reportado,0.10214504596527069,"0,10%",-6.884486652,30-10-2025 00:00,05-02-2026 23:00,98.958,0.0,46.709,0.0,-0.64,-6.245,0.0,0.331,15.453,-106.385,132.37,-612.037,15.453,-106.385,116.917,-505.652,-4.325,-2.56,-39.553,1.0,15.45290927,-39.55326332
31102025_Atlas,Atlas,25-10-2025 00:00,30-10-2025 00:00,31-10-2025 00:00,3709.0,1.7,2181.764705882353,Online,Random Digital Recruitment,Harold Mayne-Nicholls,1.9,2.2,n_effective NO reportado,1.9407558733401429,"1,94%",-3.921452096,30-10-2025 00:00,06-02-2026 23:00,99.958,0.0,46.709,0.0,-0.096,-3.825,0.0,0.331,15.453,-60.598,132.37,-474.201,15.453,-60.598,116.917,-413.604,-3.538,-0.384,-5.932,1.0,15.45290927,-5.931802659
31102025_Atlas,Atlas,25-10-2025 00:00,30-10-2025 00:00,31-10-2025 00:00,3709.0,1.7,2181.764705882353,Online,Random Digital Recruitment,Marco Enríquez-Ominami,1.0,2.2,n_effective NO reportado,1.0214504596527068,"1,02%",-4.572646994,30-10-2025 00:00,07-02-2026 23:00,100.958,0.0,46.709,0.0,-0.05,-4.523,0.0,0.331,15.453,-70.661,132.37,-581.952,15.453,-70.661,116.917,-511.292,-4.373,-0.2,-3.083,1.0,15.45290927,-3.083196837
31102025_Cadem,Cadem,22-10-2025 00:00,24-10-2025 00:00,31-10-2025 00:00,1225.0,1.3,942.3076923076923,CATI,Probabilistico estratificado,Jeannette Jara,27.0,9.0,n_effective NO reportado,29.67032967032967,"29,67%",-0.863046217,24-10-2025 00:00,06-12-2025 23:00,43.958,0.0,30.697,0.001,-0.048,-0.815,-0.001,0.218,6.7,-5.783,132.37,-102.32,10.848,-9.583,121.522,-92.737,-0.763,-0.1,-0.669,1.0,6.700152218,-0.669431912
31102025_Cadem,Cadem,22-10-2025 00:00,24-10-2025 00:00,31-10-2025 00:00,1225.0,1.3,942.3076923076923,CATI,Probabilistico estratificado,José Antonio Kast,20.0,9.0,n_effective NO reportado,21.978021978021978,"21,98%",-1.266947603,24-10-2025 00:00,07-12-2025 23:00,44.958,0.0,30.697,0.001,0.052,-1.319,-0.001,0.218,6.7,-8.489,132.37,-177.33,10.848,-13.23,121.522,-164.1,-1.35,0.083,0.559,1.0,6.700152218,0.558979287
31102025_Cadem,Cadem,22-10-2025 00:00,24-10-2025 00:00,31-10-2025 00:00,1225.0,1.3,942.3076923076923,CATI,Probabilistico estratificado,Johannes Kaiser,14.0,9.0,n_effective NO reportado,15.384615384615385,"15,38%",-1.704748092,24-10-2025 00:00,08-12-2025 23:00,45.958,0.0,30.697,0.001,-0.073,-1.632,-0.001,0.218,6.7,-11.422,132.37,-212.624,10.848,-19.239,121.522,-193.385,-1.591,-0.113,-0.76,1.0,6.700152218,-0.759678921
31102025_Cadem,Cadem,22-10-2025 00:00,24-10-2025 00:00,31-10-2025 00:00,1225.0,1.3,942.3076923076923,CATI,Probabilistico estratificado,Evelyn Matthei,13.0,9.0,n_effective NO reportado,14.285714285714288,"14,29%",-1.791759469,24-10-2025 00:00,09-12-2025 23:00,46.958,0.0,30.697,0.001,-0.012,-1.78,-0.001,0.218,6.7,-12.005,132.37,-229.083,10.848,-19.076,121.522,-210.007,-1.728,-0.064,-0.426,1.0,6.700152218,-0.426213797
31102025_Cadem,Cadem,22-10-2025 00:00,24-10-2025 00:00,31-10-2025 00:00,1225.0,1.3,942.3076923076923,CATI,Probabilistico estratificado,Franco Parisi,11.0,9.0,n_effective NO reportado,12.087912087912088,"12,09%",-1.984131362,24-10-2025 00:00,10-12-2025 23:00,47.958,0.0,30.697,0.0,0.103,-2.088,-0.001,0.218,6.7,-13.294,132.37,-294.046,10.848,-21.524,121.522,-272.522,-2.243,0.258,1.732,1.0,6.700152218,1.731638743
31102025_Cadem,Cadem,22-10-2025 00:00,24-10-2025 00:00,31-10-2025 00:00,1225.0,1.3,942.3076923076923,CATI,Probabilistico estratificado,Eduardo Artés,1.0,9.0,n_effective NO reportado,1.098901098901099,"1,10%",-4.49980967,24-10-2025 00:00,11-12-2025 23:00,48.958,0.0,30.697,0.0,0.054,-4.554,-0.002,0.218,6.7,-30.149,132.37,-612.037,10.848,-48.814,121.522,-563.223,-4.635,0.135,0.904,1.0,6.700152218,0.904154826
31102025_Cadem,Cadem,22-10-2025 00:00,24-10-2025 00:00,31-10-2025 00:00,1225.0,1.3,942.3076923076923,CATI,Probabilistico estratificado,Harold Mayne-Nicholls,4.0,9.0,n_effective NO reportado,4.395604395604396,"4,40%",-3.079613758,24-10-2025 00:00,12-12-2025 23:00,49.958,0.0,30.697,0.0,0.219,-3.299,-0.001,0.218,6.7,-20.634,132.37,-474.201,10.848,-33.408,121.522,-440.793,-3.627,0.548,3.669,1.0,6.700152218,3.669477567
31102025_Cadem,Cadem,22-10-2025 00:00,24-10-2025 00:00,31-10-2025 00:00,1225.0,1.3,942.3076923076923,CATI,Probabilistico estratificado,Marco Enríquez-Ominami,1.0,9.0,n_effective NO reportado,1.098901098901099,"1,10%",-4.49980967,24-10-2025 00:00,13-12-2025 23:00,50.958,0.0,30.697,0.0,-0.045,-4.455,-0.001,0.218,6.7,-30.149,132.37,-581.952,10.848,-48.814,121.522,-533.138,-4.387,-0.113,-0.755,1.0,6.700152218,-0.754585673
31102025_UDD,UDD,30-10-2025 17:00,31-10-2025 12:00,31-10-2025 00:00,2972.0,1.1,2701.8181818181815,Online,Probabilistico estratificado,Jeannette Jara,26.0,10.0,n_effective NO reportado,28.888888888888893,"28,89%",-0.900786545,31-10-2025 12:00,22-12-2025 23:00,52.458,0.0,51.979,0.0,-0.077,-0.824,0.0,0.367,19.08,-17.187,132.37,-102.32,28.395,-26.23,103.974,-76.09,-0.732,-0.169,-3.224,1.0,19.08046076,-3.223996888
31102025_UDD,UDD,30-10-2025 17:00,31-10-2025 12:00,31-10-2025 00:00,2972.0,1.1,2701.8181818181815,Online,Probabilistico estratificado,José Antonio Kast,21.0,10.0,n_effective NO reportado,23.333333333333332,"23,33%",-1.189584067,31-10-2025 12:00,23-12-2025 23:00,53.458,0.0,51.979,0.0,0.084,-1.274,0.0,0.367,19.08,-22.698,132.37,-177.33,28.395,-33.345,103.974,-143.984,-1.385,0.195,3.725,1.0,19.08046076,3.724976907
31102025_UDD,UDD,30-10-2025 17:00,31-10-2025 12:00,31-10-2025 00:00,2972.0,1.1,2701.8181818181815,Online,Probabilistico estratificado,Johannes Kaiser,14.0,10.0,n_effective NO reportado,15.555555555555555,"15,56%",-1.691676011,31-10-2025 12:00,24-12-2025 23:00,54.458,0.0,51.979,0.0,-0.06,-1.631,0.0,0.367,19.08,-32.278,132.37,-212.624,28.395,-48.968,103.974,-163.656,-1.574,-0.118,-2.245,1.0,19.08046076,-2.245180777
31102025_UDD,UDD,30-10-2025 17:00,31-10-2025 12:00,31-10-2025 00:00,2972.0,1.1,2701.8181818181815,Online,Probabilistico estratificado,Evelyn Matthei,14.0,10.0,n_effective NO reportado,15.555555555555555,"15,56%",-1.691676011,31-10-2025 12:00,25-12-2025 23:00,55.458,0.0,51.979,0.0,0.044,-1.736,0.0,0.367,19.08,-32.278,132.37,-229.083,28.395,-46.669,103.974,-182.415,-1.754,0.063,1.197,1.0,19.08046076,1.197231138
31102025_UDD,UDD,30-10-2025 17:00,31-10-2025 12:00,31-10-2025 00:00,2972.0,1.1,2701.8181818181815,Online,Probabilistico estratificado,Franco Parisi,10.0,10.0,n_effective NO reportado,11.11111111111111,"11,11%",-2.079441542,31-10-2025 12:00,26-12-2025 23:00,56.458,0.0,51.979,0.0,0.088,-2.168,0.0,0.367,19.08,-39.677,132.37,-294.046,28.395,-58.159,103.974,-235.887,-2.269,0.189,3.611,1.0,19.08046076,3.611248026
31102025_UDD,UDD,30-10-2025 17:00,31-10-2025 12:00,31-10-2025 00:00,2972.0,1.1,2701.8181818181815,Online,Probabilistico estratificado,Eduardo Artés,1.0,10.0,n_effective NO reportado,1.1111111111111112,"1,11%",-4.48863637,31-10-2025 12:00,27-12-2025 23:00,57.458,0.0,51.979,0.0,0.067,-4.556,0.0,0.367,19.08,-85.645,132.37,-612.037,28.395,-127.561,103.974,-484.476,-4.66,0.171,3.262,1.0,19.08046076,3.26167794
31102025_UDD,UDD,30-10-2025 17:00,31-10-2025 12:00,31-10-2025 00:00,2972.0,1.1,2701.8181818181815,Online,Probabilistico estratificado,Harold Mayne-Nicholls,3.0,10.0,n_effective NO reportado,3.3333333333333335,"3,33%",-3.36729583,31-10-2025 12:00,28-12-2025 23:00,58.458,0.0,51.979,0.0,0.038,-3.405,0.0,0.367,19.08,-64.25,132.37,-474.201,28.395,-99.604,103.974,-374.597,-3.603,0.235,4.493,1.0,19.08046076,4.493247453
31102025_UDD,UDD,30-10-2025 17:00,31-10-2025 12:00,31-10-2025 00:00,2972.0,1.1,2701.8181818181815,Online,Probabilistico estratificado,Marco Enríquez-Ominami,1.0,10.0,n_effective NO reportado,1.1111111111111112,"1,11%",-4.48863637,31-10-2025 12:00,29-12-2025 23:00,59.458,0.0,51.979,0.0,-0.049,-4.44,0.0,0.367,19.08,-85.645,132.37,-581.952,28.395,-127.561,103.974,-454.392,-4.37,-0.118,-2.259,1.0,19.08046076,-2.259226591
